graph,workload,backend,speedup,repeat,node_count,node,elapsed_seconds,metric,value,unit
latency,Conversation,3FS,2,1,,,,max_buffer_wait_ms,6.4,ms
latency,Conversation,3FS,2,1,,,,max_dependency_wait_ms,13.3218461538,ms
latency,Conversation,3FS,2,1,,,,max_schedule_lag_ms,23.8244102564,ms
latency,Conversation,3FS,2,1,,,,read_p50_latency_ms,1.905024,ms
latency,Conversation,3FS,2,1,,,,read_p90_latency_ms,3.333792,ms
latency,Conversation,3FS,2,1,,,,read_p99_latency_ms,7.620096,ms
latency,Conversation,3FS,2,1,,,,write_p50_latency_ms,1.558656,ms
latency,Conversation,3FS,2,1,,,,write_p90_latency_ms,2.727648,ms
latency,Conversation,3FS,2,1,,,,write_p99_latency_ms,6.234624,ms
latency,Conversation,3FS,2,2,,,,max_buffer_wait_ms,6.24,ms
latency,Conversation,3FS,2,2,,,,max_dependency_wait_ms,12.9888,ms
latency,Conversation,3FS,2,2,,,,max_schedule_lag_ms,23.2288,ms
latency,Conversation,3FS,2,2,,,,read_p50_latency_ms,1.8573984,ms
latency,Conversation,3FS,2,2,,,,read_p90_latency_ms,3.2504472,ms
latency,Conversation,3FS,2,2,,,,read_p99_latency_ms,7.4295936,ms
latency,Conversation,3FS,2,2,,,,write_p50_latency_ms,1.5196896,ms
latency,Conversation,3FS,2,2,,,,write_p90_latency_ms,2.6594568,ms
latency,Conversation,3FS,2,2,,,,write_p99_latency_ms,6.0787584,ms
latency,Conversation,3FS,2,3,,,,max_buffer_wait_ms,6.08780487805,ms
latency,Conversation,3FS,2,3,,,,max_dependency_wait_ms,12.672,ms
latency,Conversation,3FS,2,3,,,,max_schedule_lag_ms,22.6622439024,ms
latency,Conversation,3FS,2,3,,,,read_p50_latency_ms,1.812096,ms
latency,Conversation,3FS,2,3,,,,read_p90_latency_ms,3.171168,ms
latency,Conversation,3FS,2,3,,,,read_p99_latency_ms,7.248384,ms
latency,Conversation,3FS,2,3,,,,write_p50_latency_ms,1.482624,ms
latency,Conversation,3FS,2,3,,,,write_p90_latency_ms,2.594592,ms
latency,Conversation,3FS,2,3,,,,write_p99_latency_ms,5.930496,ms
latency,Conversation,fs-native,2,1,,,,max_buffer_wait_ms,43.6295133438,ms
latency,Conversation,fs-native,2,1,,,,max_dependency_wait_ms,67.1529795918,ms
latency,Conversation,fs-native,2,1,,,,max_schedule_lag_ms,116.643298796,ms
latency,Conversation,fs-native,2,1,,,,read_p50_latency_ms,4.3872373752,ms
latency,Conversation,fs-native,2,1,,,,read_p90_latency_ms,7.67766540659,ms
latency,Conversation,fs-native,2,1,,,,read_p99_latency_ms,17.5489495008,ms
latency,Conversation,fs-native,2,1,,,,write_p50_latency_ms,3.34181229513,ms
latency,Conversation,fs-native,2,1,,,,write_p90_latency_ms,5.84817151648,ms
latency,Conversation,fs-native,2,1,,,,write_p99_latency_ms,13.3672491805,ms
latency,Conversation,fs-native,2,2,,,,max_buffer_wait_ms,42.5387755102,ms
latency,Conversation,fs-native,2,2,,,,max_dependency_wait_ms,65.474155102,ms
latency,Conversation,fs-native,2,2,,,,max_schedule_lag_ms,113.727216327,ms
latency,Conversation,fs-native,2,2,,,,read_p50_latency_ms,4.27755644082,ms
latency,Conversation,fs-native,2,2,,,,read_p90_latency_ms,7.48572377143,ms
latency,Conversation,fs-native,2,2,,,,read_p99_latency_ms,17.1102257633,ms
latency,Conversation,fs-native,2,2,,,,write_p50_latency_ms,3.25826698776,ms
latency,Conversation,fs-native,2,2,,,,write_p90_latency_ms,5.70196722857,ms
latency,Conversation,fs-native,2,2,,,,write_p99_latency_ms,13.033067951,ms
latency,Conversation,fs-native,2,3,,,,max_buffer_wait_ms,41.5012444002,ms
latency,Conversation,fs-native,2,3,,,,max_dependency_wait_ms,63.8772244898,ms
latency,Conversation,fs-native,2,3,,,,max_schedule_lag_ms,110.953381782,ms
latency,Conversation,fs-native,2,3,,,,read_p50_latency_ms,4.17322579592,ms
latency,Conversation,fs-native,2,3,,,,read_p90_latency_ms,7.30314514286,ms
latency,Conversation,fs-native,2,3,,,,read_p99_latency_ms,16.6929031837,ms
latency,Conversation,fs-native,2,3,,,,write_p50_latency_ms,3.17879706122,ms
latency,Conversation,fs-native,2,3,,,,write_p90_latency_ms,5.56289485714,ms
latency,Conversation,fs-native,2,3,,,,write_p99_latency_ms,12.7151882449,ms
latency,Conversation,pNFS,2,1,,,,max_buffer_wait_ms,9.82589427034,ms
latency,Conversation,pNFS,2,1,,,,max_dependency_wait_ms,16.9401253561,ms
latency,Conversation,pNFS,2,1,,,,max_schedule_lag_ms,31.3244241849,ms
latency,Conversation,pNFS,2,1,,,,read_p50_latency_ms,2.49661264957,ms
latency,Conversation,pNFS,2,1,,,,read_p90_latency_ms,4.36907213675,ms
latency,Conversation,pNFS,2,1,,,,read_p99_latency_ms,9.98645059829,ms
latency,Conversation,pNFS,2,1,,,,write_p50_latency_ms,2.03034803419,ms
latency,Conversation,pNFS,2,1,,,,write_p90_latency_ms,3.55310905983,ms
latency,Conversation,pNFS,2,1,,,,write_p99_latency_ms,8.12139213675,ms
latency,Conversation,pNFS,2,2,,,,max_buffer_wait_ms,9.58024691358,ms
latency,Conversation,pNFS,2,2,,,,max_dependency_wait_ms,16.5166222222,ms
latency,Conversation,pNFS,2,2,,,,max_schedule_lag_ms,30.5413135802,ms
latency,Conversation,pNFS,2,2,,,,read_p50_latency_ms,2.43419733333,ms
latency,Conversation,pNFS,2,2,,,,read_p90_latency_ms,4.25984533333,ms
latency,Conversation,pNFS,2,2,,,,read_p99_latency_ms,9.73678933333,ms
latency,Conversation,pNFS,2,2,,,,write_p50_latency_ms,1.97958933333,ms
latency,Conversation,pNFS,2,2,,,,write_p90_latency_ms,3.46428133333,ms
latency,Conversation,pNFS,2,2,,,,write_p99_latency_ms,7.91835733333,ms
latency,Conversation,pNFS,2,3,,,,max_buffer_wait_ms,9.34658235471,ms
latency,Conversation,pNFS,2,3,,,,max_dependency_wait_ms,16.1137777778,ms
latency,Conversation,pNFS,2,3,,,,max_schedule_lag_ms,29.7964034929,ms
latency,Conversation,pNFS,2,3,,,,read_p50_latency_ms,2.37482666667,ms
latency,Conversation,pNFS,2,3,,,,read_p90_latency_ms,4.15594666667,ms
latency,Conversation,pNFS,2,3,,,,read_p99_latency_ms,9.49930666667,ms
latency,Conversation,pNFS,2,3,,,,write_p50_latency_ms,1.93130666667,ms
latency,Conversation,pNFS,2,3,,,,write_p90_latency_ms,3.37978666667,ms
latency,Conversation,pNFS,2,3,,,,write_p99_latency_ms,7.72522666667,ms
latency,SWE-bench,3FS,2,1,,,,max_buffer_wait_ms,6.4,ms
latency,SWE-bench,3FS,2,1,,,,max_dependency_wait_ms,14.976,ms
latency,SWE-bench,3FS,2,1,,,,max_schedule_lag_ms,25.4785641026,ms
latency,SWE-bench,3FS,2,1,,,,read_p50_latency_ms,2.141568,ms
latency,SWE-bench,3FS,2,1,,,,read_p90_latency_ms,3.747744,ms
latency,SWE-bench,3FS,2,1,,,,read_p99_latency_ms,8.566272,ms
latency,SWE-bench,3FS,2,1,,,,write_p50_latency_ms,1.752192,ms
latency,SWE-bench,3FS,2,1,,,,write_p90_latency_ms,3.066336,ms
latency,SWE-bench,3FS,2,1,,,,write_p99_latency_ms,7.008768,ms
latency,SWE-bench,3FS,2,2,,,,max_buffer_wait_ms,6.24,ms
latency,SWE-bench,3FS,2,2,,,,max_dependency_wait_ms,14.6016,ms
latency,SWE-bench,3FS,2,2,,,,max_schedule_lag_ms,24.8416,ms
latency,SWE-bench,3FS,2,2,,,,read_p50_latency_ms,2.0880288,ms
latency,SWE-bench,3FS,2,2,,,,read_p90_latency_ms,3.6540504,ms
latency,SWE-bench,3FS,2,2,,,,read_p99_latency_ms,8.3521152,ms
latency,SWE-bench,3FS,2,2,,,,write_p50_latency_ms,1.7083872,ms
latency,SWE-bench,3FS,2,2,,,,write_p90_latency_ms,2.9896776,ms
latency,SWE-bench,3FS,2,2,,,,write_p99_latency_ms,6.8335488,ms
latency,SWE-bench,3FS,2,3,,,,max_buffer_wait_ms,6.08780487805,ms
latency,SWE-bench,3FS,2,3,,,,max_dependency_wait_ms,14.2454634146,ms
latency,SWE-bench,3FS,2,3,,,,max_schedule_lag_ms,24.2357073171,ms
latency,SWE-bench,3FS,2,3,,,,read_p50_latency_ms,2.03710126829,ms
latency,SWE-bench,3FS,2,3,,,,read_p90_latency_ms,3.56492721951,ms
latency,SWE-bench,3FS,2,3,,,,read_p99_latency_ms,8.14840507317,ms
latency,SWE-bench,3FS,2,3,,,,write_p50_latency_ms,1.66671921951,ms
latency,SWE-bench,3FS,2,3,,,,write_p90_latency_ms,2.91675863415,ms
latency,SWE-bench,3FS,2,3,,,,write_p99_latency_ms,6.66687687805,ms
latency,SWE-bench,fs-native,2,1,,,,max_buffer_wait_ms,43.6295133438,ms
latency,SWE-bench,fs-native,2,1,,,,max_dependency_wait_ms,75.4912653061,ms
latency,SWE-bench,fs-native,2,1,,,,max_schedule_lag_ms,124.981584511,ms
latency,SWE-bench,fs-native,2,1,,,,read_p50_latency_ms,4.93199412245,ms
latency,SWE-bench,fs-native,2,1,,,,read_p90_latency_ms,8.63098971429,ms
latency,SWE-bench,fs-native,2,1,,,,read_p99_latency_ms,19.7279764898,ms
latency,SWE-bench,fs-native,2,1,,,,write_p50_latency_ms,3.75676016327,ms
latency,SWE-bench,fs-native,2,1,,,,write_p90_latency_ms,6.57433028571,ms
latency,SWE-bench,fs-native,2,1,,,,write_p99_latency_ms,15.0270406531,ms
latency,SWE-bench,fs-native,2,2,,,,max_buffer_wait_ms,42.5387755102,ms
latency,SWE-bench,fs-native,2,2,,,,max_dependency_wait_ms,73.6039836735,ms
latency,SWE-bench,fs-native,2,2,,,,max_schedule_lag_ms,121.857044898,ms
latency,SWE-bench,fs-native,2,2,,,,read_p50_latency_ms,4.80869426939,ms
latency,SWE-bench,fs-native,2,2,,,,read_p90_latency_ms,8.41521497143,ms
latency,SWE-bench,fs-native,2,2,,,,read_p99_latency_ms,19.2347770776,ms
latency,SWE-bench,fs-native,2,2,,,,write_p50_latency_ms,3.66284115918,ms
latency,SWE-bench,fs-native,2,2,,,,write_p90_latency_ms,6.40997202857,ms
latency,SWE-bench,fs-native,2,2,,,,write_p99_latency_ms,14.6513646367,ms
latency,SWE-bench,fs-native,2,3,,,,max_buffer_wait_ms,41.5012444002,ms
latency,SWE-bench,fs-native,2,3,,,,max_dependency_wait_ms,71.8087645595,ms
latency,SWE-bench,fs-native,2,3,,,,max_schedule_lag_ms,118.884921852,ms
latency,SWE-bench,fs-native,2,3,,,,read_p50_latency_ms,4.69140904331,ms
latency,SWE-bench,fs-native,2,3,,,,read_p90_latency_ms,8.20996582578,ms
latency,SWE-bench,fs-native,2,3,,,,read_p99_latency_ms,18.7656361732,ms
latency,SWE-bench,fs-native,2,3,,,,write_p50_latency_ms,3.57350356994,ms
latency,SWE-bench,fs-native,2,3,,,,write_p90_latency_ms,6.25363124739,ms
latency,SWE-bench,fs-native,2,3,,,,write_p99_latency_ms,14.2940142797,ms
latency,SWE-bench,pNFS,2,1,,,,max_buffer_wait_ms,9.82589427034,ms
latency,SWE-bench,pNFS,2,1,,,,max_dependency_wait_ms,19.0435555556,ms
latency,SWE-bench,pNFS,2,1,,,,max_schedule_lag_ms,33.4278543843,ms
latency,SWE-bench,pNFS,2,1,,,,read_p50_latency_ms,2.80661333333,ms
latency,SWE-bench,pNFS,2,1,,,,read_p90_latency_ms,4.91157333333,ms
latency,SWE-bench,pNFS,2,1,,,,read_p99_latency_ms,11.2264533333,ms
latency,SWE-bench,pNFS,2,1,,,,write_p50_latency_ms,2.28245333333,ms
latency,SWE-bench,pNFS,2,1,,,,write_p90_latency_ms,3.99429333333,ms
latency,SWE-bench,pNFS,2,1,,,,write_p99_latency_ms,9.12981333333,ms
latency,SWE-bench,pNFS,2,2,,,,max_buffer_wait_ms,9.58024691358,ms
latency,SWE-bench,pNFS,2,2,,,,max_dependency_wait_ms,18.5674666667,ms
latency,SWE-bench,pNFS,2,2,,,,max_schedule_lag_ms,32.5921580247,ms
latency,SWE-bench,pNFS,2,2,,,,read_p50_latency_ms,2.736448,ms
latency,SWE-bench,pNFS,2,2,,,,read_p90_latency_ms,4.788784,ms
latency,SWE-bench,pNFS,2,2,,,,read_p99_latency_ms,10.945792,ms
latency,SWE-bench,pNFS,2,2,,,,write_p50_latency_ms,2.225392,ms
latency,SWE-bench,pNFS,2,2,,,,write_p90_latency_ms,3.894436,ms
latency,SWE-bench,pNFS,2,2,,,,write_p99_latency_ms,8.901568,ms
latency,SWE-bench,pNFS,2,3,,,,max_buffer_wait_ms,9.34658235471,ms
latency,SWE-bench,pNFS,2,3,,,,max_dependency_wait_ms,18.114601626,ms
latency,SWE-bench,pNFS,2,3,,,,max_schedule_lag_ms,31.7972273412,ms
latency,SWE-bench,pNFS,2,3,,,,read_p50_latency_ms,2.66970536585,ms
latency,SWE-bench,pNFS,2,3,,,,read_p90_latency_ms,4.67198439024,ms
latency,SWE-bench,pNFS,2,3,,,,read_p99_latency_ms,10.6788214634,ms
latency,SWE-bench,pNFS,2,3,,,,write_p50_latency_ms,2.17111414634,ms
latency,SWE-bench,pNFS,2,3,,,,write_p90_latency_ms,3.7994497561,ms
latency,SWE-bench,pNFS,2,3,,,,write_p99_latency_ms,8.68445658537,ms
nodewise,SWE-bench,3FS,1,1,,aggregate,,disk_utilization_p95_percent,64.44711,%
nodewise,SWE-bench,3FS,1,1,,aggregate,,network_utilization_p95_percent,80.1322912,%
nodewise,SWE-bench,3FS,1,1,,storage-1,,disk_utilization_p95_percent,57.8097,%
nodewise,SWE-bench,3FS,1,1,,storage-1,,network_utilization_p95_percent,68.467464,%
nodewise,SWE-bench,3FS,1,1,,storage-2,,disk_utilization_p95_percent,61.66368,%
nodewise,SWE-bench,3FS,1,1,,storage-2,,network_utilization_p95_percent,77.5964592,%
nodewise,SWE-bench,3FS,1,1,,storage-3,,disk_utilization_p95_percent,65.51766,%
nodewise,SWE-bench,3FS,1,1,,storage-3,,network_utilization_p95_percent,82.1609568,%
nodewise,SWE-bench,3FS,1,1,,storage-4,,disk_utilization_p95_percent,66.80232,%
nodewise,SWE-bench,3FS,1,1,,storage-4,,network_utilization_p95_percent,73.0319616,%
nodewise,SWE-bench,3FS,1,1,,storage-5,,disk_utilization_p95_percent,62.94834,%
nodewise,SWE-bench,3FS,1,1,,storage-5,,network_utilization_p95_percent,85.2039552,%
nodewise,SWE-bench,3FS,1,1,,storage-6,,disk_utilization_p95_percent,71.94096,%
nodewise,SWE-bench,3FS,1,1,,storage-6,,network_utilization_p95_percent,94.3329504,%
nodewise,SWE-bench,3FS,1,2,,aggregate,,disk_utilization_p95_percent,66.0996,%
nodewise,SWE-bench,3FS,1,2,,aggregate,,network_utilization_p95_percent,82.1869653333,%
nodewise,SWE-bench,3FS,1,2,,storage-1,,disk_utilization_p95_percent,59.292,%
nodewise,SWE-bench,3FS,1,2,,storage-1,,network_utilization_p95_percent,70.22304,%
nodewise,SWE-bench,3FS,1,2,,storage-2,,disk_utilization_p95_percent,63.2448,%
nodewise,SWE-bench,3FS,1,2,,storage-2,,network_utilization_p95_percent,79.586112,%
nodewise,SWE-bench,3FS,1,2,,storage-3,,disk_utilization_p95_percent,67.1976,%
nodewise,SWE-bench,3FS,1,2,,storage-3,,network_utilization_p95_percent,84.267648,%
nodewise,SWE-bench,3FS,1,2,,storage-4,,disk_utilization_p95_percent,68.5152,%
nodewise,SWE-bench,3FS,1,2,,storage-4,,network_utilization_p95_percent,74.904576,%
nodewise,SWE-bench,3FS,1,2,,storage-5,,disk_utilization_p95_percent,64.5624,%
nodewise,SWE-bench,3FS,1,2,,storage-5,,network_utilization_p95_percent,87.388672,%
nodewise,SWE-bench,3FS,1,2,,storage-6,,disk_utilization_p95_percent,73.7856,%
nodewise,SWE-bench,3FS,1,2,,storage-6,,network_utilization_p95_percent,96.751744,%
nodewise,SWE-bench,3FS,1,3,,aggregate,,disk_utilization_p95_percent,67.75209,%
nodewise,SWE-bench,3FS,1,3,,aggregate,,network_utilization_p95_percent,84.2416394667,%
nodewise,SWE-bench,3FS,1,3,,storage-1,,disk_utilization_p95_percent,60.7743,%
nodewise,SWE-bench,3FS,1,3,,storage-1,,network_utilization_p95_percent,71.978616,%
nodewise,SWE-bench,3FS,1,3,,storage-2,,disk_utilization_p95_percent,64.82592,%
nodewise,SWE-bench,3FS,1,3,,storage-2,,network_utilization_p95_percent,81.5757648,%
nodewise,SWE-bench,3FS,1,3,,storage-3,,disk_utilization_p95_percent,68.87754,%
nodewise,SWE-bench,3FS,1,3,,storage-3,,network_utilization_p95_percent,86.3743392,%
nodewise,SWE-bench,3FS,1,3,,storage-4,,disk_utilization_p95_percent,70.22808,%
nodewise,SWE-bench,3FS,1,3,,storage-4,,network_utilization_p95_percent,76.7771904,%
nodewise,SWE-bench,3FS,1,3,,storage-5,,disk_utilization_p95_percent,66.17646,%
nodewise,SWE-bench,3FS,1,3,,storage-5,,network_utilization_p95_percent,89.5733888,%
nodewise,SWE-bench,3FS,1,3,,storage-6,,disk_utilization_p95_percent,75.63024,%
nodewise,SWE-bench,3FS,1,3,,storage-6,,network_utilization_p95_percent,99.1705376,%
nodewise,SWE-bench,3FS,2,1,,aggregate,,disk_utilization_p95_percent,67.6694655,%
nodewise,SWE-bench,3FS,2,1,,aggregate,,network_utilization_p95_percent,88.14552032,%
nodewise,SWE-bench,3FS,2,1,,storage-1,,disk_utilization_p95_percent,60.700185,%
nodewise,SWE-bench,3FS,2,1,,storage-1,,network_utilization_p95_percent,75.3142104,%
nodewise,SWE-bench,3FS,2,1,,storage-2,,disk_utilization_p95_percent,64.746864,%
nodewise,SWE-bench,3FS,2,1,,storage-2,,network_utilization_p95_percent,85.35610512,%
nodewise,SWE-bench,3FS,2,1,,storage-3,,disk_utilization_p95_percent,68.793543,%
nodewise,SWE-bench,3FS,2,1,,storage-3,,network_utilization_p95_percent,90.37705248,%
nodewise,SWE-bench,3FS,2,1,,storage-4,,disk_utilization_p95_percent,70.142436,%
nodewise,SWE-bench,3FS,2,1,,storage-4,,network_utilization_p95_percent,80.33515776,%
nodewise,SWE-bench,3FS,2,1,,storage-5,,disk_utilization_p95_percent,66.095757,%
nodewise,SWE-bench,3FS,2,1,,storage-5,,network_utilization_p95_percent,93.72435072,%
nodewise,SWE-bench,3FS,2,1,,storage-6,,disk_utilization_p95_percent,75.538008,%
nodewise,SWE-bench,3FS,2,1,,storage-6,,network_utilization_p95_percent,100,%
nodewise,SWE-bench,3FS,2,2,,aggregate,,disk_utilization_p95_percent,69.40458,%
nodewise,SWE-bench,3FS,2,2,,aggregate,,network_utilization_p95_percent,90.4056618667,%
nodewise,SWE-bench,3FS,2,2,,storage-1,,disk_utilization_p95_percent,62.2566,%
nodewise,SWE-bench,3FS,2,2,,storage-1,,network_utilization_p95_percent,77.245344,%
nodewise,SWE-bench,3FS,2,2,,storage-2,,disk_utilization_p95_percent,66.40704,%
nodewise,SWE-bench,3FS,2,2,,storage-2,,network_utilization_p95_percent,87.5447232,%
nodewise,SWE-bench,3FS,2,2,,storage-3,,disk_utilization_p95_percent,70.55748,%
nodewise,SWE-bench,3FS,2,2,,storage-3,,network_utilization_p95_percent,92.6944128,%
nodewise,SWE-bench,3FS,2,2,,storage-4,,disk_utilization_p95_percent,71.94096,%
nodewise,SWE-bench,3FS,2,2,,storage-4,,network_utilization_p95_percent,82.3950336,%
nodewise,SWE-bench,3FS,2,2,,storage-5,,disk_utilization_p95_percent,67.79052,%
nodewise,SWE-bench,3FS,2,2,,storage-5,,network_utilization_p95_percent,96.1275392,%
nodewise,SWE-bench,3FS,2,2,,storage-6,,disk_utilization_p95_percent,77.47488,%
nodewise,SWE-bench,3FS,2,2,,storage-6,,network_utilization_p95_percent,100,%
nodewise,SWE-bench,3FS,2,3,,aggregate,,disk_utilization_p95_percent,71.1396945,%
nodewise,SWE-bench,3FS,2,3,,aggregate,,network_utilization_p95_percent,92.6658034133,%
nodewise,SWE-bench,3FS,2,3,,storage-1,,disk_utilization_p95_percent,63.813015,%
nodewise,SWE-bench,3FS,2,3,,storage-1,,network_utilization_p95_percent,79.1764776,%
nodewise,SWE-bench,3FS,2,3,,storage-2,,disk_utilization_p95_percent,68.067216,%
nodewise,SWE-bench,3FS,2,3,,storage-2,,network_utilization_p95_percent,89.73334128,%
nodewise,SWE-bench,3FS,2,3,,storage-3,,disk_utilization_p95_percent,72.321417,%
nodewise,SWE-bench,3FS,2,3,,storage-3,,network_utilization_p95_percent,95.01177312,%
nodewise,SWE-bench,3FS,2,3,,storage-4,,disk_utilization_p95_percent,73.739484,%
nodewise,SWE-bench,3FS,2,3,,storage-4,,network_utilization_p95_percent,84.45490944,%
nodewise,SWE-bench,3FS,2,3,,storage-5,,disk_utilization_p95_percent,69.485283,%
nodewise,SWE-bench,3FS,2,3,,storage-5,,network_utilization_p95_percent,98.53072768,%
nodewise,SWE-bench,3FS,2,3,,storage-6,,disk_utilization_p95_percent,79.411752,%
nodewise,SWE-bench,3FS,2,3,,storage-6,,network_utilization_p95_percent,100,%
nodewise,SWE-bench,fs-native,1,1,,aggregate,,disk_utilization_p95_percent,86.346,%
nodewise,SWE-bench,fs-native,1,1,,aggregate,,network_utilization_p95_percent,12.33648,%
nodewise,SWE-bench,fs-native,1,2,,aggregate,,disk_utilization_p95_percent,88.56,%
nodewise,SWE-bench,fs-native,1,2,,aggregate,,network_utilization_p95_percent,12.6528,%
nodewise,SWE-bench,fs-native,1,3,,aggregate,,disk_utilization_p95_percent,90.774,%
nodewise,SWE-bench,fs-native,1,3,,aggregate,,network_utilization_p95_percent,12.96912,%
nodewise,SWE-bench,fs-native,2,1,,aggregate,,disk_utilization_p95_percent,96.70752,%
nodewise,SWE-bench,fs-native,2,1,,aggregate,,network_utilization_p95_percent,12.8299392,%
nodewise,SWE-bench,fs-native,2,2,,aggregate,,disk_utilization_p95_percent,99.1872,%
nodewise,SWE-bench,fs-native,2,2,,aggregate,,network_utilization_p95_percent,13.158912,%
nodewise,SWE-bench,fs-native,2,3,,aggregate,,disk_utilization_p95_percent,100,%
nodewise,SWE-bench,fs-native,2,3,,aggregate,,network_utilization_p95_percent,13.4878848,%
nodewise,SWE-bench,pNFS,1,1,,aggregate,,disk_utilization_p95_percent,76.83052,%
nodewise,SWE-bench,pNFS,1,1,,aggregate,,network_utilization_p95_percent,69.6599904,%
nodewise,SWE-bench,pNFS,1,1,,storage-1,,disk_utilization_p95_percent,62.16912,%
nodewise,SWE-bench,pNFS,1,1,,storage-1,,network_utilization_p95_percent,63.7796016,%
nodewise,SWE-bench,pNFS,1,1,,storage-2,,disk_utilization_p95_percent,72.0252,%
nodewise,SWE-bench,pNFS,1,1,,storage-2,,network_utilization_p95_percent,66.4936272,%
nodewise,SWE-bench,pNFS,1,1,,storage-3,,disk_utilization_p95_percent,78.09048,%
nodewise,SWE-bench,pNFS,1,1,,storage-3,,network_utilization_p95_percent,70.5646656,%
nodewise,SWE-bench,pNFS,1,1,,storage-4,,disk_utilization_p95_percent,81.88128,%
nodewise,SWE-bench,pNFS,1,1,,storage-4,,network_utilization_p95_percent,74.635704,%
nodewise,SWE-bench,pNFS,1,1,,storage-5,,disk_utilization_p95_percent,71.26704,%
nodewise,SWE-bench,pNFS,1,1,,storage-5,,network_utilization_p95_percent,62.4225888,%
nodewise,SWE-bench,pNFS,1,1,,storage-6,,disk_utilization_p95_percent,95.55,%
nodewise,SWE-bench,pNFS,1,1,,storage-6,,network_utilization_p95_percent,80.0637552,%
nodewise,SWE-bench,pNFS,1,2,,aggregate,,disk_utilization_p95_percent,78.8005333333,%
nodewise,SWE-bench,pNFS,1,2,,aggregate,,network_utilization_p95_percent,71.446144,%
nodewise,SWE-bench,pNFS,1,2,,storage-1,,disk_utilization_p95_percent,63.7632,%
nodewise,SWE-bench,pNFS,1,2,,storage-1,,network_utilization_p95_percent,65.414976,%
nodewise,SWE-bench,pNFS,1,2,,storage-2,,disk_utilization_p95_percent,73.872,%
nodewise,SWE-bench,pNFS,1,2,,storage-2,,network_utilization_p95_percent,68.198592,%
nodewise,SWE-bench,pNFS,1,2,,storage-3,,disk_utilization_p95_percent,80.0928,%
nodewise,SWE-bench,pNFS,1,2,,storage-3,,network_utilization_p95_percent,72.374016,%
nodewise,SWE-bench,pNFS,1,2,,storage-4,,disk_utilization_p95_percent,83.9808,%
nodewise,SWE-bench,pNFS,1,2,,storage-4,,network_utilization_p95_percent,76.54944,%
nodewise,SWE-bench,pNFS,1,2,,storage-5,,disk_utilization_p95_percent,73.0944,%
nodewise,SWE-bench,pNFS,1,2,,storage-5,,network_utilization_p95_percent,64.023168,%
nodewise,SWE-bench,pNFS,1,2,,storage-6,,disk_utilization_p95_percent,98,%
nodewise,SWE-bench,pNFS,1,2,,storage-6,,network_utilization_p95_percent,82.116672,%
nodewise,SWE-bench,pNFS,1,3,,aggregate,,disk_utilization_p95_percent,80.7705466667,%
nodewise,SWE-bench,pNFS,1,3,,aggregate,,network_utilization_p95_percent,73.2322976,%
nodewise,SWE-bench,pNFS,1,3,,storage-1,,disk_utilization_p95_percent,65.35728,%
nodewise,SWE-bench,pNFS,1,3,,storage-1,,network_utilization_p95_percent,67.0503504,%
nodewise,SWE-bench,pNFS,1,3,,storage-2,,disk_utilization_p95_percent,75.7188,%
nodewise,SWE-bench,pNFS,1,3,,storage-2,,network_utilization_p95_percent,69.9035568,%
nodewise,SWE-bench,pNFS,1,3,,storage-3,,disk_utilization_p95_percent,82.09512,%
nodewise,SWE-bench,pNFS,1,3,,storage-3,,network_utilization_p95_percent,74.1833664,%
nodewise,SWE-bench,pNFS,1,3,,storage-4,,disk_utilization_p95_percent,86.08032,%
nodewise,SWE-bench,pNFS,1,3,,storage-4,,network_utilization_p95_percent,78.463176,%
nodewise,SWE-bench,pNFS,1,3,,storage-5,,disk_utilization_p95_percent,74.92176,%
nodewise,SWE-bench,pNFS,1,3,,storage-5,,network_utilization_p95_percent,65.6237472,%
nodewise,SWE-bench,pNFS,1,3,,storage-6,,disk_utilization_p95_percent,100,%
nodewise,SWE-bench,pNFS,1,3,,storage-6,,network_utilization_p95_percent,84.1695888,%
nodewise,SWE-bench,pNFS,2,1,,aggregate,,disk_utilization_p95_percent,83.7452668,%
nodewise,SWE-bench,pNFS,2,1,,aggregate,,network_utilization_p95_percent,75.232789632,%
nodewise,SWE-bench,pNFS,2,1,,storage-1,,disk_utilization_p95_percent,67.7643408,%
nodewise,SWE-bench,pNFS,2,1,,storage-1,,network_utilization_p95_percent,68.881969728,%
nodewise,SWE-bench,pNFS,2,1,,storage-2,,disk_utilization_p95_percent,78.507468,%
nodewise,SWE-bench,pNFS,2,1,,storage-2,,network_utilization_p95_percent,71.813117376,%
nodewise,SWE-bench,pNFS,2,1,,storage-3,,disk_utilization_p95_percent,85.1186232,%
nodewise,SWE-bench,pNFS,2,1,,storage-3,,network_utilization_p95_percent,76.209838848,%
nodewise,SWE-bench,pNFS,2,1,,storage-4,,disk_utilization_p95_percent,89.2505952,%
nodewise,SWE-bench,pNFS,2,1,,storage-4,,network_utilization_p95_percent,80.60656032,%
nodewise,SWE-bench,pNFS,2,1,,storage-5,,disk_utilization_p95_percent,77.6810736,%
nodewise,SWE-bench,pNFS,2,1,,storage-5,,network_utilization_p95_percent,67.416395904,%
nodewise,SWE-bench,pNFS,2,1,,storage-6,,disk_utilization_p95_percent,100,%
nodewise,SWE-bench,pNFS,2,1,,storage-6,,network_utilization_p95_percent,86.468855616,%
nodewise,SWE-bench,pNFS,2,2,,aggregate,,disk_utilization_p95_percent,85.8925813333,%
nodewise,SWE-bench,pNFS,2,2,,aggregate,,network_utilization_p95_percent,77.16183552,%
nodewise,SWE-bench,pNFS,2,2,,storage-1,,disk_utilization_p95_percent,69.501888,%
nodewise,SWE-bench,pNFS,2,2,,storage-1,,network_utilization_p95_percent,70.64817408,%
nodewise,SWE-bench,pNFS,2,2,,storage-2,,disk_utilization_p95_percent,80.52048,%
nodewise,SWE-bench,pNFS,2,2,,storage-2,,network_utilization_p95_percent,73.65447936,%
nodewise,SWE-bench,pNFS,2,2,,storage-3,,disk_utilization_p95_percent,87.301152,%
nodewise,SWE-bench,pNFS,2,2,,storage-3,,network_utilization_p95_percent,78.16393728,%
nodewise,SWE-bench,pNFS,2,2,,storage-4,,disk_utilization_p95_percent,91.539072,%
nodewise,SWE-bench,pNFS,2,2,,storage-4,,network_utilization_p95_percent,82.6733952,%
nodewise,SWE-bench,pNFS,2,2,,storage-5,,disk_utilization_p95_percent,79.672896,%
nodewise,SWE-bench,pNFS,2,2,,storage-5,,network_utilization_p95_percent,69.14502144,%
nodewise,SWE-bench,pNFS,2,2,,storage-6,,disk_utilization_p95_percent,100,%
nodewise,SWE-bench,pNFS,2,2,,storage-6,,network_utilization_p95_percent,88.68600576,%
nodewise,SWE-bench,pNFS,2,3,,aggregate,,disk_utilization_p95_percent,88.0398958667,%
nodewise,SWE-bench,pNFS,2,3,,aggregate,,network_utilization_p95_percent,79.090881408,%
nodewise,SWE-bench,pNFS,2,3,,storage-1,,disk_utilization_p95_percent,71.2394352,%
nodewise,SWE-bench,pNFS,2,3,,storage-1,,network_utilization_p95_percent,72.414378432,%
nodewise,SWE-bench,pNFS,2,3,,storage-2,,disk_utilization_p95_percent,82.533492,%
nodewise,SWE-bench,pNFS,2,3,,storage-2,,network_utilization_p95_percent,75.495841344,%
nodewise,SWE-bench,pNFS,2,3,,storage-3,,disk_utilization_p95_percent,89.4836808,%
nodewise,SWE-bench,pNFS,2,3,,storage-3,,network_utilization_p95_percent,80.118035712,%
nodewise,SWE-bench,pNFS,2,3,,storage-4,,disk_utilization_p95_percent,93.8275488,%
nodewise,SWE-bench,pNFS,2,3,,storage-4,,network_utilization_p95_percent,84.74023008,%
nodewise,SWE-bench,pNFS,2,3,,storage-5,,disk_utilization_p95_percent,81.6647184,%
nodewise,SWE-bench,pNFS,2,3,,storage-5,,network_utilization_p95_percent,70.873646976,%
nodewise,SWE-bench,pNFS,2,3,,storage-6,,disk_utilization_p95_percent,100,%
nodewise,SWE-bench,pNFS,2,3,,storage-6,,network_utilization_p95_percent,90.903155904,%
resource,Conversation,3FS,1,1,,aggregate,,disk_utilization_p95_percent,51.1485,%
resource,Conversation,3FS,1,1,,aggregate,,network_utilization_p95_percent,73.21782,%
resource,Conversation,3FS,1,2,,aggregate,,disk_utilization_p95_percent,52.46,%
resource,Conversation,3FS,1,2,,aggregate,,network_utilization_p95_percent,75.0952,%
resource,Conversation,3FS,1,3,,aggregate,,disk_utilization_p95_percent,53.7715,%
resource,Conversation,3FS,1,3,,aggregate,,network_utilization_p95_percent,76.97258,%
resource,Conversation,fs-native,1,1,,aggregate,,disk_utilization_p95_percent,68.757,%
resource,Conversation,fs-native,1,1,,aggregate,,network_utilization_p95_percent,11.87316,%
resource,Conversation,fs-native,1,2,,aggregate,,disk_utilization_p95_percent,70.52,%
resource,Conversation,fs-native,1,2,,aggregate,,network_utilization_p95_percent,12.1776,%
resource,Conversation,fs-native,1,3,,aggregate,,disk_utilization_p95_percent,72.283,%
resource,Conversation,fs-native,1,3,,aggregate,,network_utilization_p95_percent,12.48204,%
resource,Conversation,pNFS,1,1,,aggregate,,disk_utilization_p95_percent,60.372,%
resource,Conversation,pNFS,1,1,,aggregate,,network_utilization_p95_percent,65.30238,%
resource,Conversation,pNFS,1,2,,aggregate,,disk_utilization_p95_percent,61.92,%
resource,Conversation,pNFS,1,2,,aggregate,,network_utilization_p95_percent,66.9768,%
resource,Conversation,pNFS,1,3,,aggregate,,disk_utilization_p95_percent,63.468,%
resource,Conversation,pNFS,1,3,,aggregate,,network_utilization_p95_percent,68.65122,%
resource,GAIA,3FS,1,1,,aggregate,,disk_utilization_p95_percent,46.3905,%
resource,GAIA,3FS,1,1,,aggregate,,network_utilization_p95_percent,72.17886,%
resource,GAIA,3FS,1,2,,aggregate,,disk_utilization_p95_percent,47.58,%
resource,GAIA,3FS,1,2,,aggregate,,network_utilization_p95_percent,74.0296,%
resource,GAIA,3FS,1,3,,aggregate,,disk_utilization_p95_percent,48.7695,%
resource,GAIA,3FS,1,3,,aggregate,,network_utilization_p95_percent,75.88034,%
resource,GAIA,fs-native,1,1,,aggregate,,disk_utilization_p95_percent,62.361,%
resource,GAIA,fs-native,1,1,,aggregate,,network_utilization_p95_percent,11.70468,%
resource,GAIA,fs-native,1,2,,aggregate,,disk_utilization_p95_percent,63.96,%
resource,GAIA,fs-native,1,2,,aggregate,,network_utilization_p95_percent,12.0048,%
resource,GAIA,fs-native,1,3,,aggregate,,disk_utilization_p95_percent,65.559,%
resource,GAIA,fs-native,1,3,,aggregate,,network_utilization_p95_percent,12.30492,%
resource,GAIA,pNFS,1,1,,aggregate,,disk_utilization_p95_percent,54.756,%
resource,GAIA,pNFS,1,1,,aggregate,,network_utilization_p95_percent,64.37574,%
resource,GAIA,pNFS,1,2,,aggregate,,disk_utilization_p95_percent,56.16,%
resource,GAIA,pNFS,1,2,,aggregate,,network_utilization_p95_percent,66.0264,%
resource,GAIA,pNFS,1,3,,aggregate,,disk_utilization_p95_percent,57.564,%
resource,GAIA,pNFS,1,3,,aggregate,,network_utilization_p95_percent,67.67706,%
resource,SWE-bench,3FS,1,1,,aggregate,,disk_utilization_p95_percent,64.233,%
resource,SWE-bench,3FS,1,1,,aggregate,,network_utilization_p95_percent,76.07496,%
resource,SWE-bench,3FS,1,2,,aggregate,,disk_utilization_p95_percent,65.88,%
resource,SWE-bench,3FS,1,2,,aggregate,,network_utilization_p95_percent,78.0256,%
resource,SWE-bench,3FS,1,3,,aggregate,,disk_utilization_p95_percent,67.527,%
resource,SWE-bench,3FS,1,3,,aggregate,,network_utilization_p95_percent,79.97624,%
resource,SWE-bench,fs-native,1,1,,aggregate,,disk_utilization_p95_percent,86.346,%
resource,SWE-bench,fs-native,1,1,,aggregate,,network_utilization_p95_percent,12.33648,%
resource,SWE-bench,fs-native,1,2,,aggregate,,disk_utilization_p95_percent,88.56,%
resource,SWE-bench,fs-native,1,2,,aggregate,,network_utilization_p95_percent,12.6528,%
resource,SWE-bench,fs-native,1,3,,aggregate,,disk_utilization_p95_percent,90.774,%
resource,SWE-bench,fs-native,1,3,,aggregate,,network_utilization_p95_percent,12.96912,%
resource,SWE-bench,pNFS,1,1,,aggregate,,disk_utilization_p95_percent,75.816,%
resource,SWE-bench,pNFS,1,1,,aggregate,,network_utilization_p95_percent,67.85064,%
resource,SWE-bench,pNFS,1,2,,aggregate,,disk_utilization_p95_percent,77.76,%
resource,SWE-bench,pNFS,1,2,,aggregate,,network_utilization_p95_percent,69.5904,%
resource,SWE-bench,pNFS,1,3,,aggregate,,disk_utilization_p95_percent,79.704,%
resource,SWE-bench,pNFS,1,3,,aggregate,,network_utilization_p95_percent,71.33016,%
resource,ToolAgent,3FS,1,1,,aggregate,,disk_utilization_p95_percent,59.475,%
resource,ToolAgent,3FS,1,1,,aggregate,,network_utilization_p95_percent,75.036,%
resource,ToolAgent,3FS,1,2,,aggregate,,disk_utilization_p95_percent,61,%
resource,ToolAgent,3FS,1,2,,aggregate,,network_utilization_p95_percent,76.96,%
resource,ToolAgent,3FS,1,3,,aggregate,,disk_utilization_p95_percent,62.525,%
resource,ToolAgent,3FS,1,3,,aggregate,,network_utilization_p95_percent,78.884,%
resource,ToolAgent,fs-native,1,1,,aggregate,,disk_utilization_p95_percent,79.95,%
resource,ToolAgent,fs-native,1,1,,aggregate,,network_utilization_p95_percent,12.168,%
resource,ToolAgent,fs-native,1,2,,aggregate,,disk_utilization_p95_percent,82,%
resource,ToolAgent,fs-native,1,2,,aggregate,,network_utilization_p95_percent,12.48,%
resource,ToolAgent,fs-native,1,3,,aggregate,,disk_utilization_p95_percent,84.05,%
resource,ToolAgent,fs-native,1,3,,aggregate,,network_utilization_p95_percent,12.792,%
resource,ToolAgent,pNFS,1,1,,aggregate,,disk_utilization_p95_percent,70.2,%
resource,ToolAgent,pNFS,1,1,,aggregate,,network_utilization_p95_percent,66.924,%
resource,ToolAgent,pNFS,1,2,,aggregate,,disk_utilization_p95_percent,72,%
resource,ToolAgent,pNFS,1,2,,aggregate,,network_utilization_p95_percent,68.64,%
resource,ToolAgent,pNFS,1,3,,aggregate,,disk_utilization_p95_percent,73.8,%
resource,ToolAgent,pNFS,1,3,,aggregate,,network_utilization_p95_percent,70.356,%
resource,WildClaw,3FS,1,1,,aggregate,,disk_utilization_p95_percent,55.9065,%
resource,WildClaw,3FS,1,1,,aggregate,,network_utilization_p95_percent,74.25678,%
resource,WildClaw,3FS,1,2,,aggregate,,disk_utilization_p95_percent,57.34,%
resource,WildClaw,3FS,1,2,,aggregate,,network_utilization_p95_percent,76.1608,%
resource,WildClaw,3FS,1,3,,aggregate,,disk_utilization_p95_percent,58.7735,%
resource,WildClaw,3FS,1,3,,aggregate,,network_utilization_p95_percent,78.06482,%
resource,WildClaw,fs-native,1,1,,aggregate,,disk_utilization_p95_percent,75.153,%
resource,WildClaw,fs-native,1,1,,aggregate,,network_utilization_p95_percent,12.04164,%
resource,WildClaw,fs-native,1,2,,aggregate,,disk_utilization_p95_percent,77.08,%
resource,WildClaw,fs-native,1,2,,aggregate,,network_utilization_p95_percent,12.3504,%
resource,WildClaw,fs-native,1,3,,aggregate,,disk_utilization_p95_percent,79.007,%
resource,WildClaw,fs-native,1,3,,aggregate,,network_utilization_p95_percent,12.65916,%
resource,WildClaw,pNFS,1,1,,aggregate,,disk_utilization_p95_percent,65.988,%
resource,WildClaw,pNFS,1,1,,aggregate,,network_utilization_p95_percent,66.22902,%
resource,WildClaw,pNFS,1,2,,aggregate,,disk_utilization_p95_percent,67.68,%
resource,WildClaw,pNFS,1,2,,aggregate,,network_utilization_p95_percent,67.9272,%
resource,WildClaw,pNFS,1,3,,aggregate,,disk_utilization_p95_percent,69.372,%
resource,WildClaw,pNFS,1,3,,aggregate,,network_utilization_p95_percent,69.62538,%
scaling,SWE-bench,3FS,2,1,1,aggregate,,disk_utilization_p95_percent,89.7,%
scaling,SWE-bench,3FS,2,1,1,aggregate,,network_utilization_p95_percent,59.0611194407,%
scaling,SWE-bench,3FS,2,1,1,aggregate,,read_p99_latency_ms,22.2187348644,ms
scaling,SWE-bench,3FS,2,1,1,aggregate,,wall_throughput_gb_per_second,1.4640963803,GB/s
scaling,SWE-bench,3FS,2,1,2,aggregate,,disk_utilization_p95_percent,64.5697618258,%
scaling,SWE-bench,3FS,2,1,2,aggregate,,network_utilization_p95_percent,74.1856404158,%
scaling,SWE-bench,3FS,2,1,2,aggregate,,read_p99_latency_ms,16.0994728505,ms
scaling,SWE-bench,3FS,2,1,2,aggregate,,wall_throughput_gb_per_second,2.48848440966,GB/s
scaling,SWE-bench,3FS,2,1,3,aggregate,,disk_utilization_p95_percent,53.4366530965,%
scaling,SWE-bench,3FS,2,1,3,aggregate,,network_utilization_p95_percent,83.3591261006,%
scaling,SWE-bench,3FS,2,1,3,aggregate,,read_p99_latency_ms,12.3879528243,ms
scaling,SWE-bench,3FS,2,1,3,aggregate,,wall_throughput_gb_per_second,3.20522058142,GB/s
scaling,SWE-bench,3FS,2,1,4,aggregate,,disk_utilization_p95_percent,46.8,%
scaling,SWE-bench,3FS,2,1,4,aggregate,,network_utilization_p95_percent,88.9231264249,%
scaling,SWE-bench,3FS,2,1,4,aggregate,,read_p99_latency_ms,10.1368021343,ms
scaling,SWE-bench,3FS,2,1,4,aggregate,,wall_throughput_gb_per_second,3.70670119735,GB/s
scaling,SWE-bench,3FS,2,1,5,aggregate,,disk_utilization_p95_percent,42.2709264939,%
scaling,SWE-bench,3FS,2,1,5,aggregate,,network_utilization_p95_percent,92.2978632122,%
scaling,SWE-bench,3FS,2,1,5,aggregate,,read_p99_latency_ms,8.77141022113,ms
scaling,SWE-bench,3FS,2,1,5,aggregate,,wall_throughput_gb_per_second,4.05757341233,GB/s
scaling,SWE-bench,3FS,2,1,6,aggregate,,disk_utilization_p95_percent,38.9277033218,%
scaling,SWE-bench,3FS,2,1,6,aggregate,,network_utilization_p95_percent,94.3447445422,%
scaling,SWE-bench,3FS,2,1,6,aggregate,,read_p99_latency_ms,7.94325816328,ms
scaling,SWE-bench,3FS,2,1,6,aggregate,,wall_throughput_gb_per_second,4.30306906529,GB/s
scaling,SWE-bench,3FS,2,2,1,aggregate,,disk_utilization_p95_percent,92,%
scaling,SWE-bench,3FS,2,2,1,aggregate,,network_utilization_p95_percent,60.5755071187,%
scaling,SWE-bench,3FS,2,2,1,aggregate,,read_p99_latency_ms,21.6632664928,ms
scaling,SWE-bench,3FS,2,2,1,aggregate,,wall_throughput_gb_per_second,1.50163731312,GB/s
scaling,SWE-bench,3FS,2,2,2,aggregate,,disk_utilization_p95_percent,66.2253967444,%
scaling,SWE-bench,3FS,2,2,2,aggregate,,network_utilization_p95_percent,76.0878363239,%
scaling,SWE-bench,3FS,2,2,2,aggregate,,read_p99_latency_ms,15.6969860293,ms
scaling,SWE-bench,3FS,2,2,2,aggregate,,wall_throughput_gb_per_second,2.55229170222,GB/s
scaling,SWE-bench,3FS,2,2,3,aggregate,,disk_utilization_p95_percent,54.8068236887,%
scaling,SWE-bench,3FS,2,2,3,aggregate,,network_utilization_p95_percent,85.4965395904,%
scaling,SWE-bench,3FS,2,2,3,aggregate,,read_p99_latency_ms,12.0782540037,ms
scaling,SWE-bench,3FS,2,2,3,aggregate,,wall_throughput_gb_per_second,3.28740572453,GB/s
scaling,SWE-bench,3FS,2,2,4,aggregate,,disk_utilization_p95_percent,48,%
scaling,SWE-bench,3FS,2,2,4,aggregate,,network_utilization_p95_percent,91.2032065896,%
scaling,SWE-bench,3FS,2,2,4,aggregate,,read_p99_latency_ms,9.88338208092,ms
scaling,SWE-bench,3FS,2,2,4,aggregate,,wall_throughput_gb_per_second,3.80174481779,GB/s
scaling,SWE-bench,3FS,2,2,5,aggregate,,disk_utilization_p95_percent,43.354796404,%
scaling,SWE-bench,3FS,2,2,5,aggregate,,network_utilization_p95_percent,94.6644750894,%
scaling,SWE-bench,3FS,2,2,5,aggregate,,read_p99_latency_ms,8.5521249656,ms
scaling,SWE-bench,3FS,2,2,5,aggregate,,wall_throughput_gb_per_second,4.16161375624,GB/s
scaling,SWE-bench,3FS,2,2,6,aggregate,,disk_utilization_p95_percent,39.9258495608,%
scaling,SWE-bench,3FS,2,2,6,aggregate,,network_utilization_p95_percent,96.7638405561,%
scaling,SWE-bench,3FS,2,2,6,aggregate,,read_p99_latency_ms,7.7446767092,ms
scaling,SWE-bench,3FS,2,2,6,aggregate,,wall_throughput_gb_per_second,4.41340416953,GB/s
scaling,SWE-bench,3FS,2,3,1,aggregate,,disk_utilization_p95_percent,94.3,%
scaling,SWE-bench,3FS,2,3,1,aggregate,,network_utilization_p95_percent,62.0898947966,%
scaling,SWE-bench,3FS,2,3,1,aggregate,,read_p99_latency_ms,21.1348941393,ms
scaling,SWE-bench,3FS,2,3,1,aggregate,,wall_throughput_gb_per_second,1.53917824595,GB/s
scaling,SWE-bench,3FS,2,3,2,aggregate,,disk_utilization_p95_percent,67.881031663,%
scaling,SWE-bench,3FS,2,3,2,aggregate,,network_utilization_p95_percent,77.990032232,%
scaling,SWE-bench,3FS,2,3,2,aggregate,,read_p99_latency_ms,15.3141327115,ms
scaling,SWE-bench,3FS,2,3,2,aggregate,,wall_throughput_gb_per_second,2.61609899477,GB/s
scaling,SWE-bench,3FS,2,3,3,aggregate,,disk_utilization_p95_percent,56.1769942809,%
scaling,SWE-bench,3FS,2,3,3,aggregate,,network_utilization_p95_percent,87.6339530801,%
scaling,SWE-bench,3FS,2,3,3,aggregate,,read_p99_latency_ms,11.7836624426,ms
scaling,SWE-bench,3FS,2,3,3,aggregate,,wall_throughput_gb_per_second,3.36959086765,GB/s
scaling,SWE-bench,3FS,2,3,4,aggregate,,disk_utilization_p95_percent,49.2,%
scaling,SWE-bench,3FS,2,3,4,aggregate,,network_utilization_p95_percent,93.4832867544,%
scaling,SWE-bench,3FS,2,3,4,aggregate,,read_p99_latency_ms,9.64232398138,ms
scaling,SWE-bench,3FS,2,3,4,aggregate,,wall_throughput_gb_per_second,3.89678843824,GB/s
scaling,SWE-bench,3FS,2,3,5,aggregate,,disk_utilization_p95_percent,44.4386663141,%
scaling,SWE-bench,3FS,2,3,5,aggregate,,network_utilization_p95_percent,97.0310869667,%
scaling,SWE-bench,3FS,2,3,5,aggregate,,read_p99_latency_ms,8.3435365518,ms
scaling,SWE-bench,3FS,2,3,5,aggregate,,wall_throughput_gb_per_second,4.26565410015,GB/s
scaling,SWE-bench,3FS,2,3,6,aggregate,,disk_utilization_p95_percent,40.9239957998,%
scaling,SWE-bench,3FS,2,3,6,aggregate,,network_utilization_p95_percent,99.18293657,%
scaling,SWE-bench,3FS,2,3,6,aggregate,,read_p99_latency_ms,7.55578215531,ms
scaling,SWE-bench,3FS,2,3,6,aggregate,,wall_throughput_gb_per_second,4.52373927377,GB/s
scaling,SWE-bench,fs-native,2,1,1,aggregate,,disk_utilization_p95_percent,69.225,%
scaling,SWE-bench,fs-native,2,1,1,aggregate,,network_utilization_p95_percent,11.7,%
scaling,SWE-bench,fs-native,2,1,1,aggregate,,read_p99_latency_ms,10.7692307692,ms
scaling,SWE-bench,fs-native,2,1,1,aggregate,,wall_throughput_gb_per_second,1.51125,GB/s
scaling,SWE-bench,fs-native,2,1,2,aggregate,,disk_utilization_p95_percent,69.225,%
scaling,SWE-bench,fs-native,2,1,2,aggregate,,network_utilization_p95_percent,11.7,%
scaling,SWE-bench,fs-native,2,1,2,aggregate,,read_p99_latency_ms,10.7692307692,ms
scaling,SWE-bench,fs-native,2,1,2,aggregate,,wall_throughput_gb_per_second,1.51125,GB/s
scaling,SWE-bench,fs-native,2,1,3,aggregate,,disk_utilization_p95_percent,69.225,%
scaling,SWE-bench,fs-native,2,1,3,aggregate,,network_utilization_p95_percent,11.7,%
scaling,SWE-bench,fs-native,2,1,3,aggregate,,read_p99_latency_ms,10.7692307692,ms
scaling,SWE-bench,fs-native,2,1,3,aggregate,,wall_throughput_gb_per_second,1.51125,GB/s
scaling,SWE-bench,fs-native,2,1,4,aggregate,,disk_utilization_p95_percent,69.225,%
scaling,SWE-bench,fs-native,2,1,4,aggregate,,network_utilization_p95_percent,11.7,%
scaling,SWE-bench,fs-native,2,1,4,aggregate,,read_p99_latency_ms,10.7692307692,ms
scaling,SWE-bench,fs-native,2,1,4,aggregate,,wall_throughput_gb_per_second,1.51125,GB/s
scaling,SWE-bench,fs-native,2,1,5,aggregate,,disk_utilization_p95_percent,69.225,%
scaling,SWE-bench,fs-native,2,1,5,aggregate,,network_utilization_p95_percent,11.7,%
scaling,SWE-bench,fs-native,2,1,5,aggregate,,read_p99_latency_ms,10.7692307692,ms
scaling,SWE-bench,fs-native,2,1,5,aggregate,,wall_throughput_gb_per_second,1.51125,GB/s
scaling,SWE-bench,fs-native,2,1,6,aggregate,,disk_utilization_p95_percent,69.225,%
scaling,SWE-bench,fs-native,2,1,6,aggregate,,network_utilization_p95_percent,11.7,%
scaling,SWE-bench,fs-native,2,1,6,aggregate,,read_p99_latency_ms,10.7692307692,ms
scaling,SWE-bench,fs-native,2,1,6,aggregate,,wall_throughput_gb_per_second,1.51125,GB/s
scaling,SWE-bench,fs-native,2,2,1,aggregate,,disk_utilization_p95_percent,71,%
scaling,SWE-bench,fs-native,2,2,1,aggregate,,network_utilization_p95_percent,12,%
scaling,SWE-bench,fs-native,2,2,1,aggregate,,read_p99_latency_ms,10.5,ms
scaling,SWE-bench,fs-native,2,2,1,aggregate,,wall_throughput_gb_per_second,1.55,GB/s
scaling,SWE-bench,fs-native,2,2,2,aggregate,,disk_utilization_p95_percent,71,%
scaling,SWE-bench,fs-native,2,2,2,aggregate,,network_utilization_p95_percent,12,%
scaling,SWE-bench,fs-native,2,2,2,aggregate,,read_p99_latency_ms,10.5,ms
scaling,SWE-bench,fs-native,2,2,2,aggregate,,wall_throughput_gb_per_second,1.55,GB/s
scaling,SWE-bench,fs-native,2,2,3,aggregate,,disk_utilization_p95_percent,71,%
scaling,SWE-bench,fs-native,2,2,3,aggregate,,network_utilization_p95_percent,12,%
scaling,SWE-bench,fs-native,2,2,3,aggregate,,read_p99_latency_ms,10.5,ms
scaling,SWE-bench,fs-native,2,2,3,aggregate,,wall_throughput_gb_per_second,1.55,GB/s
scaling,SWE-bench,fs-native,2,2,4,aggregate,,disk_utilization_p95_percent,71,%
scaling,SWE-bench,fs-native,2,2,4,aggregate,,network_utilization_p95_percent,12,%
scaling,SWE-bench,fs-native,2,2,4,aggregate,,read_p99_latency_ms,10.5,ms
scaling,SWE-bench,fs-native,2,2,4,aggregate,,wall_throughput_gb_per_second,1.55,GB/s
scaling,SWE-bench,fs-native,2,2,5,aggregate,,disk_utilization_p95_percent,71,%
scaling,SWE-bench,fs-native,2,2,5,aggregate,,network_utilization_p95_percent,12,%
scaling,SWE-bench,fs-native,2,2,5,aggregate,,read_p99_latency_ms,10.5,ms
scaling,SWE-bench,fs-native,2,2,5,aggregate,,wall_throughput_gb_per_second,1.55,GB/s
scaling,SWE-bench,fs-native,2,2,6,aggregate,,disk_utilization_p95_percent,71,%
scaling,SWE-bench,fs-native,2,2,6,aggregate,,network_utilization_p95_percent,12,%
scaling,SWE-bench,fs-native,2,2,6,aggregate,,read_p99_latency_ms,10.5,ms
scaling,SWE-bench,fs-native,2,2,6,aggregate,,wall_throughput_gb_per_second,1.55,GB/s
scaling,SWE-bench,fs-native,2,3,1,aggregate,,disk_utilization_p95_percent,72.775,%
scaling,SWE-bench,fs-native,2,3,1,aggregate,,network_utilization_p95_percent,12.3,%
scaling,SWE-bench,fs-native,2,3,1,aggregate,,read_p99_latency_ms,10.243902439,ms
scaling,SWE-bench,fs-native,2,3,1,aggregate,,wall_throughput_gb_per_second,1.58875,GB/s
scaling,SWE-bench,fs-native,2,3,2,aggregate,,disk_utilization_p95_percent,72.775,%
scaling,SWE-bench,fs-native,2,3,2,aggregate,,network_utilization_p95_percent,12.3,%
scaling,SWE-bench,fs-native,2,3,2,aggregate,,read_p99_latency_ms,10.243902439,ms
scaling,SWE-bench,fs-native,2,3,2,aggregate,,wall_throughput_gb_per_second,1.58875,GB/s
scaling,SWE-bench,fs-native,2,3,3,aggregate,,disk_utilization_p95_percent,72.775,%
scaling,SWE-bench,fs-native,2,3,3,aggregate,,network_utilization_p95_percent,12.3,%
scaling,SWE-bench,fs-native,2,3,3,aggregate,,read_p99_latency_ms,10.243902439,ms
scaling,SWE-bench,fs-native,2,3,3,aggregate,,wall_throughput_gb_per_second,1.58875,GB/s
scaling,SWE-bench,fs-native,2,3,4,aggregate,,disk_utilization_p95_percent,72.775,%
scaling,SWE-bench,fs-native,2,3,4,aggregate,,network_utilization_p95_percent,12.3,%
scaling,SWE-bench,fs-native,2,3,4,aggregate,,read_p99_latency_ms,10.243902439,ms
scaling,SWE-bench,fs-native,2,3,4,aggregate,,wall_throughput_gb_per_second,1.58875,GB/s
scaling,SWE-bench,fs-native,2,3,5,aggregate,,disk_utilization_p95_percent,72.775,%
scaling,SWE-bench,fs-native,2,3,5,aggregate,,network_utilization_p95_percent,12.3,%
scaling,SWE-bench,fs-native,2,3,5,aggregate,,read_p99_latency_ms,10.243902439,ms
scaling,SWE-bench,fs-native,2,3,5,aggregate,,wall_throughput_gb_per_second,1.58875,GB/s
scaling,SWE-bench,fs-native,2,3,6,aggregate,,disk_utilization_p95_percent,72.775,%
scaling,SWE-bench,fs-native,2,3,6,aggregate,,network_utilization_p95_percent,12.3,%
scaling,SWE-bench,fs-native,2,3,6,aggregate,,read_p99_latency_ms,10.243902439,ms
scaling,SWE-bench,fs-native,2,3,6,aggregate,,wall_throughput_gb_per_second,1.58875,GB/s
scaling,SWE-bench,pNFS,2,1,1,aggregate,,disk_utilization_p95_percent,85.8,%
scaling,SWE-bench,pNFS,2,1,1,aggregate,,network_utilization_p95_percent,49.9331237912,%
scaling,SWE-bench,pNFS,2,1,1,aggregate,,read_p99_latency_ms,22.3578847545,ms
scaling,SWE-bench,pNFS,2,1,1,aggregate,,wall_throughput_gb_per_second,1.20973238111,GB/s
scaling,SWE-bench,pNFS,2,1,2,aggregate,,disk_utilization_p95_percent,62.3831871559,%
scaling,SWE-bench,pNFS,2,1,2,aggregate,,network_utilization_p95_percent,63.9547099161,%
scaling,SWE-bench,pNFS,2,1,2,aggregate,,read_p99_latency_ms,16.8886947643,ms
scaling,SWE-bench,pNFS,2,1,2,aggregate,,wall_throughput_gb_per_second,2.08591434994,GB/s
scaling,SWE-bench,pNFS,2,1,3,aggregate,,disk_utilization_p95_percent,52.0091540217,%
scaling,SWE-bench,pNFS,2,1,3,aggregate,,network_utilization_p95_percent,73.0323603789,%
scaling,SWE-bench,pNFS,2,1,3,aggregate,,read_p99_latency_ms,13.4172006954,ms
scaling,SWE-bench,pNFS,2,1,3,aggregate,,wall_throughput_gb_per_second,2.72051325337,GB/s
scaling,SWE-bench,pNFS,2,1,4,aggregate,,disk_utilization_p95_percent,45.825,%
scaling,SWE-bench,pNFS,2,1,4,aggregate,,network_utilization_p95_percent,78.909280236,%
scaling,SWE-bench,pNFS,2,1,4,aggregate,,read_p99_latency_ms,11.2137169817,ms
scaling,SWE-bench,pNFS,2,1,4,aggregate,,wall_throughput_gb_per_second,3.18013897332,GB/s
scaling,SWE-bench,pNFS,2,1,5,aggregate,,disk_utilization_p95_percent,41.6047269602,%
scaling,SWE-bench,pNFS,2,1,5,aggregate,,network_utilization_p95_percent,82.7140298403,%
scaling,SWE-bench,pNFS,2,1,5,aggregate,,read_p99_latency_ms,9.81508562012,ms
scaling,SWE-bench,pNFS,2,1,5,aggregate,,wall_throughput_gb_per_second,3.51303554988,GB/s
scaling,SWE-bench,pNFS,2,1,6,aggregate,,disk_utilization_p95_percent,38.4894508226,%
scaling,SWE-bench,pNFS,2,1,6,aggregate,,network_utilization_p95_percent,85.1772452497,%
scaling,SWE-bench,pNFS,2,1,6,aggregate,,read_p99_latency_ms,8.92732335824,ms
scaling,SWE-bench,pNFS,2,1,6,aggregate,,wall_throughput_gb_per_second,3.75414505676,GB/s
scaling,SWE-bench,pNFS,2,2,1,aggregate,,disk_utilization_p95_percent,88,%
scaling,SWE-bench,pNFS,2,2,1,aggregate,,network_utilization_p95_percent,51.2134602987,%
scaling,SWE-bench,pNFS,2,2,1,aggregate,,read_p99_latency_ms,21.7989376356,ms
scaling,SWE-bench,pNFS,2,2,1,aggregate,,wall_throughput_gb_per_second,1.24075116012,GB/s
scaling,SWE-bench,pNFS,2,2,2,aggregate,,disk_utilization_p95_percent,63.9827560573,%
scaling,SWE-bench,pNFS,2,2,2,aggregate,,network_utilization_p95_percent,65.5945742729,%
scaling,SWE-bench,pNFS,2,2,2,aggregate,,read_p99_latency_ms,16.4664773952,ms
scaling,SWE-bench,pNFS,2,2,2,aggregate,,wall_throughput_gb_per_second,2.13939933327,GB/s
scaling,SWE-bench,pNFS,2,2,3,aggregate,,disk_utilization_p95_percent,53.3427220735,%
scaling,SWE-bench,pNFS,2,2,3,aggregate,,network_utilization_p95_percent,74.904985004,%
scaling,SWE-bench,pNFS,2,2,3,aggregate,,read_p99_latency_ms,13.081770678,ms
scaling,SWE-bench,pNFS,2,2,3,aggregate,,wall_throughput_gb_per_second,2.79027000345,GB/s
scaling,SWE-bench,pNFS,2,2,4,aggregate,,disk_utilization_p95_percent,47,%
scaling,SWE-bench,pNFS,2,2,4,aggregate,,network_utilization_p95_percent,80.9325951139,%
scaling,SWE-bench,pNFS,2,2,4,aggregate,,read_p99_latency_ms,10.9333740572,ms
scaling,SWE-bench,pNFS,2,2,4,aggregate,,wall_throughput_gb_per_second,3.26168099827,GB/s
scaling,SWE-bench,pNFS,2,2,5,aggregate,,disk_utilization_p95_percent,42.671514831,%
scaling,SWE-bench,pNFS,2,2,5,aggregate,,network_utilization_p95_percent,84.8349024003,%
scaling,SWE-bench,pNFS,2,2,5,aggregate,,read_p99_latency_ms,9.56970847962,ms
scaling,SWE-bench,pNFS,2,2,5,aggregate,,wall_throughput_gb_per_second,3.60311338449,GB/s
scaling,SWE-bench,pNFS,2,2,6,aggregate,,disk_utilization_p95_percent,39.476359818,%
scaling,SWE-bench,pNFS,2,2,6,aggregate,,network_utilization_p95_percent,87.3612771792,%
scaling,SWE-bench,pNFS,2,2,6,aggregate,,read_p99_latency_ms,8.70414027429,ms
scaling,SWE-bench,pNFS,2,2,6,aggregate,,wall_throughput_gb_per_second,3.85040518642,GB/s
scaling,SWE-bench,pNFS,2,3,1,aggregate,,disk_utilization_p95_percent,90.2,%
scaling,SWE-bench,pNFS,2,3,1,aggregate,,network_utilization_p95_percent,52.4937968062,%
scaling,SWE-bench,pNFS,2,3,1,aggregate,,read_p99_latency_ms,21.2672562299,ms
scaling,SWE-bench,pNFS,2,3,1,aggregate,,wall_throughput_gb_per_second,1.27176993912,GB/s
scaling,SWE-bench,pNFS,2,3,2,aggregate,,disk_utilization_p95_percent,65.5823249587,%
scaling,SWE-bench,pNFS,2,3,2,aggregate,,network_utilization_p95_percent,67.2344386298,%
scaling,SWE-bench,pNFS,2,3,2,aggregate,,read_p99_latency_ms,16.0648559953,ms
scaling,SWE-bench,pNFS,2,3,2,aggregate,,wall_throughput_gb_per_second,2.1928843166,GB/s
scaling,SWE-bench,pNFS,2,3,3,aggregate,,disk_utilization_p95_percent,54.6762901254,%
scaling,SWE-bench,pNFS,2,3,3,aggregate,,network_utilization_p95_percent,76.7776096291,%
scaling,SWE-bench,pNFS,2,3,3,aggregate,,read_p99_latency_ms,12.7627031005,ms
scaling,SWE-bench,pNFS,2,3,3,aggregate,,wall_throughput_gb_per_second,2.86002675354,GB/s
scaling,SWE-bench,pNFS,2,3,4,aggregate,,disk_utilization_p95_percent,48.175,%
scaling,SWE-bench,pNFS,2,3,4,aggregate,,network_utilization_p95_percent,82.9559099917,%
scaling,SWE-bench,pNFS,2,3,4,aggregate,,read_p99_latency_ms,10.6667063973,ms
scaling,SWE-bench,pNFS,2,3,4,aggregate,,wall_throughput_gb_per_second,3.34322302323,GB/s
scaling,SWE-bench,pNFS,2,3,5,aggregate,,disk_utilization_p95_percent,43.7383027018,%
scaling,SWE-bench,pNFS,2,3,5,aggregate,,network_utilization_p95_percent,86.9557749603,%
scaling,SWE-bench,pNFS,2,3,5,aggregate,,read_p99_latency_ms,9.33630095573,ms
scaling,SWE-bench,pNFS,2,3,5,aggregate,,wall_throughput_gb_per_second,3.69319121911,GB/s
scaling,SWE-bench,pNFS,2,3,6,aggregate,,disk_utilization_p95_percent,40.4632688135,%
scaling,SWE-bench,pNFS,2,3,6,aggregate,,network_utilization_p95_percent,89.5453091086,%
scaling,SWE-bench,pNFS,2,3,6,aggregate,,read_p99_latency_ms,8.49184417004,ms
scaling,SWE-bench,pNFS,2,3,6,aggregate,,wall_throughput_gb_per_second,3.94666531608,GB/s
speedup,Conversation,3FS,1,1,,,,max_schedule_lag_seconds,0.0153846153846,s
speedup,Conversation,3FS,1,1,,,,read_p99_latency_ms,2.75010864841,ms
speedup,Conversation,3FS,1,1,,,,wall_throughput_gb_per_second,0.549337102286,GB/s
speedup,Conversation,3FS,1,2,,,,max_schedule_lag_seconds,0.015,s
speedup,Conversation,3FS,1,2,,,,read_p99_latency_ms,2.6813559322,ms
speedup,Conversation,3FS,1,2,,,,wall_throughput_gb_per_second,0.563422669011,GB/s
speedup,Conversation,3FS,1,3,,,,max_schedule_lag_seconds,0.0146341463415,s
speedup,Conversation,3FS,1,3,,,,read_p99_latency_ms,2.61595700703,ms
speedup,Conversation,3FS,1,3,,,,wall_throughput_gb_per_second,0.577508235737,GB/s
speedup,Conversation,3FS,1.25,1,,,,max_schedule_lag_seconds,0.0192307692308,s
speedup,Conversation,3FS,1.25,1,,,,read_p99_latency_ms,2.82920469361,ms
speedup,Conversation,3FS,1.25,1,,,,wall_throughput_gb_per_second,0.665824217895,GB/s
speedup,Conversation,3FS,1.25,2,,,,max_schedule_lag_seconds,0.01875,s
speedup,Conversation,3FS,1.25,2,,,,read_p99_latency_ms,2.75847457627,ms
speedup,Conversation,3FS,1.25,2,,,,wall_throughput_gb_per_second,0.682896633738,GB/s
speedup,Conversation,3FS,1.25,3,,,,max_schedule_lag_seconds,0.0182926829268,s
speedup,Conversation,3FS,1.25,3,,,,read_p99_latency_ms,2.69119470856,ms
speedup,Conversation,3FS,1.25,3,,,,wall_throughput_gb_per_second,0.699969049582,GB/s
speedup,Conversation,3FS,1.5,1,,,,max_schedule_lag_seconds,0.0230769230769,s
speedup,Conversation,3FS,1.5,1,,,,read_p99_latency_ms,2.90830073881,ms
speedup,Conversation,3FS,1.5,1,,,,wall_throughput_gb_per_second,0.775001727708,GB/s
speedup,Conversation,3FS,1.5,2,,,,max_schedule_lag_seconds,0.0225,s
speedup,Conversation,3FS,1.5,2,,,,read_p99_latency_ms,2.83559322034,ms
speedup,Conversation,3FS,1.5,2,,,,wall_throughput_gb_per_second,0.79487356688,GB/s
speedup,Conversation,3FS,1.5,3,,,,max_schedule_lag_seconds,0.0219512195122,s
speedup,Conversation,3FS,1.5,3,,,,read_p99_latency_ms,2.76643241009,ms
speedup,Conversation,3FS,1.5,3,,,,wall_throughput_gb_per_second,0.814745406052,GB/s
speedup,Conversation,3FS,2,1,,,,max_schedule_lag_seconds,0.0307692307692,s
speedup,Conversation,3FS,2,1,,,,read_p99_latency_ms,3.0664928292,ms
speedup,Conversation,3FS,2,1,,,,wall_throughput_gb_per_second,0.973233868524,GB/s
speedup,Conversation,3FS,2,2,,,,max_schedule_lag_seconds,0.03,s
speedup,Conversation,3FS,2,2,,,,read_p99_latency_ms,2.98983050847,ms
speedup,Conversation,3FS,2,2,,,,wall_throughput_gb_per_second,0.998188583102,GB/s
speedup,Conversation,3FS,2,3,,,,max_schedule_lag_seconds,0.0292682926829,s
speedup,Conversation,3FS,2,3,,,,read_p99_latency_ms,2.91690781315,ms
speedup,Conversation,3FS,2,3,,,,wall_throughput_gb_per_second,1.02314329768,GB/s
speedup,Conversation,fs-native,1,1,,,,max_schedule_lag_seconds,0.0153846153846,s
speedup,Conversation,fs-native,1,1,,,,read_p99_latency_ms,3.95747342089,ms
speedup,Conversation,fs-native,1,1,,,,wall_throughput_gb_per_second,0.487568218852,GB/s
speedup,Conversation,fs-native,1,2,,,,max_schedule_lag_seconds,0.015,s
speedup,Conversation,fs-native,1,2,,,,read_p99_latency_ms,3.85853658537,ms
speedup,Conversation,fs-native,1,2,,,,wall_throughput_gb_per_second,0.500069968053,GB/s
speedup,Conversation,fs-native,1,3,,,,max_schedule_lag_seconds,0.0146341463415,s
speedup,Conversation,fs-native,1,3,,,,read_p99_latency_ms,3.76442593694,ms
speedup,Conversation,fs-native,1,3,,,,wall_throughput_gb_per_second,0.512571717254,GB/s
speedup,Conversation,fs-native,1.25,1,,,,max_schedule_lag_seconds,0.0192307692308,s
speedup,Conversation,fs-native,1.25,1,,,,read_p99_latency_ms,4.0712945591,ms
speedup,Conversation,fs-native,1.25,1,,,,wall_throughput_gb_per_second,0.575053878656,GB/s
speedup,Conversation,fs-native,1.25,2,,,,max_schedule_lag_seconds,0.01875,s
speedup,Conversation,fs-native,1.25,2,,,,read_p99_latency_ms,3.96951219512,ms
speedup,Conversation,fs-native,1.25,2,,,,wall_throughput_gb_per_second,0.589798849903,GB/s
speedup,Conversation,fs-native,1.25,3,,,,max_schedule_lag_seconds,0.0182926829268,s
speedup,Conversation,fs-native,1.25,3,,,,read_p99_latency_ms,3.87269482451,ms
speedup,Conversation,fs-native,1.25,3,,,,wall_throughput_gb_per_second,0.604543821151,GB/s
speedup,Conversation,fs-native,1.5,1,,,,max_schedule_lag_seconds,0.0330193615908,s
speedup,Conversation,fs-native,1.5,1,,,,read_p99_latency_ms,4.24050746002,ms
speedup,Conversation,fs-native,1.5,1,,,,wall_throughput_gb_per_second,0.651986632582,GB/s
speedup,Conversation,fs-native,1.5,2,,,,max_schedule_lag_seconds,0.032193877551,s
speedup,Conversation,fs-native,1.5,2,,,,read_p99_latency_ms,4.13449477352,ms
speedup,Conversation,fs-native,1.5,2,,,,wall_throughput_gb_per_second,0.668704238546,GB/s
speedup,Conversation,fs-native,1.5,3,,,,max_schedule_lag_seconds,0.0314086610254,s
speedup,Conversation,fs-native,1.5,3,,,,read_p99_latency_ms,4.03365343758,ms
speedup,Conversation,fs-native,1.5,3,,,,wall_throughput_gb_per_second,0.685421844509,GB/s
speedup,Conversation,fs-native,2,1,,,,max_schedule_lag_seconds,0.388697017268,s
speedup,Conversation,fs-native,2,1,,,,read_p99_latency_ms,6.40686143125,ms
speedup,Conversation,fs-native,2,1,,,,wall_throughput_gb_per_second,0.779131627484,GB/s
speedup,Conversation,fs-native,2,2,,,,max_schedule_lag_seconds,0.378979591837,s
speedup,Conversation,fs-native,2,2,,,,read_p99_latency_ms,6.24668989547,ms
speedup,Conversation,fs-native,2,2,,,,wall_throughput_gb_per_second,0.799109361522,GB/s
speedup,Conversation,fs-native,2,3,,,,max_schedule_lag_seconds,0.369736187158,s
speedup,Conversation,fs-native,2,3,,,,read_p99_latency_ms,6.09433160534,ms
speedup,Conversation,fs-native,2,3,,,,wall_throughput_gb_per_second,0.81908709556,GB/s
speedup,Conversation,pNFS,1,1,,,,max_schedule_lag_seconds,0.0153846153846,s
speedup,Conversation,pNFS,1,1,,,,read_p99_latency_ms,3.24512820513,ms
speedup,Conversation,pNFS,1,1,,,,wall_throughput_gb_per_second,0.525045315147,GB/s
speedup,Conversation,pNFS,1,2,,,,max_schedule_lag_seconds,0.015,s
speedup,Conversation,pNFS,1,2,,,,read_p99_latency_ms,3.164,ms
speedup,Conversation,pNFS,1,2,,,,wall_throughput_gb_per_second,0.538508015535,GB/s
speedup,Conversation,pNFS,1,3,,,,max_schedule_lag_seconds,0.0146341463415,s
speedup,Conversation,pNFS,1,3,,,,read_p99_latency_ms,3.08682926829,ms
speedup,Conversation,pNFS,1,3,,,,wall_throughput_gb_per_second,0.551970715924,GB/s
speedup,Conversation,pNFS,1.25,1,,,,max_schedule_lag_seconds,0.0192307692308,s
speedup,Conversation,pNFS,1.25,1,,,,read_p99_latency_ms,3.33846153846,ms
speedup,Conversation,pNFS,1.25,1,,,,wall_throughput_gb_per_second,0.629702960671,GB/s
speedup,Conversation,pNFS,1.25,2,,,,max_schedule_lag_seconds,0.01875,s
speedup,Conversation,pNFS,1.25,2,,,,read_p99_latency_ms,3.255,ms
speedup,Conversation,pNFS,1.25,2,,,,wall_throughput_gb_per_second,0.645849190432,GB/s
speedup,Conversation,pNFS,1.25,3,,,,max_schedule_lag_seconds,0.0182926829268,s
speedup,Conversation,pNFS,1.25,3,,,,read_p99_latency_ms,3.1756097561,ms
speedup,Conversation,pNFS,1.25,3,,,,wall_throughput_gb_per_second,0.661995420193,GB/s
speedup,Conversation,pNFS,1.5,1,,,,max_schedule_lag_seconds,0.0230769230769,s
speedup,Conversation,pNFS,1.5,1,,,,read_p99_latency_ms,3.43179487179,ms
speedup,Conversation,pNFS,1.5,1,,,,wall_throughput_gb_per_second,0.725483367327,GB/s
speedup,Conversation,pNFS,1.5,2,,,,max_schedule_lag_seconds,0.0225,s
speedup,Conversation,pNFS,1.5,2,,,,read_p99_latency_ms,3.346,ms
speedup,Conversation,pNFS,1.5,2,,,,wall_throughput_gb_per_second,0.744085504951,GB/s
speedup,Conversation,pNFS,1.5,3,,,,max_schedule_lag_seconds,0.0219512195122,s
speedup,Conversation,pNFS,1.5,3,,,,read_p99_latency_ms,3.2643902439,ms
speedup,Conversation,pNFS,1.5,3,,,,wall_throughput_gb_per_second,0.762687642575,GB/s
speedup,Conversation,pNFS,2,1,,,,max_schedule_lag_seconds,0.0548274770497,s
speedup,Conversation,pNFS,2,1,,,,read_p99_latency_ms,3.72836973726,ms
speedup,Conversation,pNFS,2,1,,,,wall_throughput_gb_per_second,0.89336052457,GB/s
speedup,Conversation,pNFS,2,2,,,,max_schedule_lag_seconds,0.0534567901235,s
speedup,Conversation,pNFS,2,2,,,,read_p99_latency_ms,3.63516049383,ms
speedup,Conversation,pNFS,2,2,,,,wall_throughput_gb_per_second,0.916267204687,GB/s
speedup,Conversation,pNFS,2,3,,,,max_schedule_lag_seconds,0.0521529659741,s
speedup,Conversation,pNFS,2,3,,,,read_p99_latency_ms,3.54649804276,ms
speedup,Conversation,pNFS,2,3,,,,wall_throughput_gb_per_second,0.939173884804,GB/s
speedup,GAIA,3FS,1,1,,,,max_schedule_lag_seconds,0.0153846153846,s
speedup,GAIA,3FS,1,1,,,,read_p99_latency_ms,2.75010864841,ms
speedup,GAIA,3FS,1,1,,,,wall_throughput_gb_per_second,0.482344772739,GB/s
speedup,GAIA,3FS,1,2,,,,max_schedule_lag_seconds,0.015,s
speedup,GAIA,3FS,1,2,,,,read_p99_latency_ms,2.6813559322,ms
speedup,GAIA,3FS,1,2,,,,wall_throughput_gb_per_second,0.494712587425,GB/s
speedup,GAIA,3FS,1,3,,,,max_schedule_lag_seconds,0.0146341463415,s
speedup,GAIA,3FS,1,3,,,,read_p99_latency_ms,2.61595700703,ms
speedup,GAIA,3FS,1,3,,,,wall_throughput_gb_per_second,0.50708040211,GB/s
speedup,GAIA,3FS,1.25,1,,,,max_schedule_lag_seconds,0.0192307692308,s
speedup,GAIA,3FS,1.25,1,,,,read_p99_latency_ms,2.82920469361,ms
speedup,GAIA,3FS,1.25,1,,,,wall_throughput_gb_per_second,0.584626142542,GB/s
speedup,GAIA,3FS,1.25,2,,,,max_schedule_lag_seconds,0.01875,s
speedup,GAIA,3FS,1.25,2,,,,read_p99_latency_ms,2.75847457627,ms
speedup,GAIA,3FS,1.25,2,,,,wall_throughput_gb_per_second,0.599616556453,GB/s
speedup,GAIA,3FS,1.25,3,,,,max_schedule_lag_seconds,0.0182926829268,s
speedup,GAIA,3FS,1.25,3,,,,read_p99_latency_ms,2.69119470856,ms
speedup,GAIA,3FS,1.25,3,,,,wall_throughput_gb_per_second,0.614606970364,GB/s
speedup,GAIA,3FS,1.5,1,,,,max_schedule_lag_seconds,0.0230769230769,s
speedup,GAIA,3FS,1.5,1,,,,read_p99_latency_ms,2.90830073881,ms
speedup,GAIA,3FS,1.5,1,,,,wall_throughput_gb_per_second,0.68048932189,GB/s
speedup,GAIA,3FS,1.5,2,,,,max_schedule_lag_seconds,0.0225,s
speedup,GAIA,3FS,1.5,2,,,,read_p99_latency_ms,2.83559322034,ms
speedup,GAIA,3FS,1.5,2,,,,wall_throughput_gb_per_second,0.697937766041,GB/s
speedup,GAIA,3FS,1.5,3,,,,max_schedule_lag_seconds,0.0219512195122,s
speedup,GAIA,3FS,1.5,3,,,,read_p99_latency_ms,2.76643241009,ms
speedup,GAIA,3FS,1.5,3,,,,wall_throughput_gb_per_second,0.715386210192,GB/s
speedup,GAIA,3FS,2,1,,,,max_schedule_lag_seconds,0.0307692307692,s
speedup,GAIA,3FS,2,1,,,,read_p99_latency_ms,3.0664928292,ms
speedup,GAIA,3FS,2,1,,,,wall_throughput_gb_per_second,0.854546811387,GB/s
speedup,GAIA,3FS,2,2,,,,max_schedule_lag_seconds,0.03,s
speedup,GAIA,3FS,2,2,,,,read_p99_latency_ms,2.98983050847,ms
speedup,GAIA,3FS,2,2,,,,wall_throughput_gb_per_second,0.87645826809,GB/s
speedup,GAIA,3FS,2,3,,,,max_schedule_lag_seconds,0.0292682926829,s
speedup,GAIA,3FS,2,3,,,,read_p99_latency_ms,2.91690781315,ms
speedup,GAIA,3FS,2,3,,,,wall_throughput_gb_per_second,0.898369724792,GB/s
speedup,GAIA,fs-native,1,1,,,,max_schedule_lag_seconds,0.0153846153846,s
speedup,GAIA,fs-native,1,1,,,,read_p99_latency_ms,3.95747342089,ms
speedup,GAIA,fs-native,1,1,,,,wall_throughput_gb_per_second,0.428108679967,GB/s
speedup,GAIA,fs-native,1,2,,,,max_schedule_lag_seconds,0.015,s
speedup,GAIA,fs-native,1,2,,,,read_p99_latency_ms,3.85853658537,ms
speedup,GAIA,fs-native,1,2,,,,wall_throughput_gb_per_second,0.439085825608,GB/s
speedup,GAIA,fs-native,1,3,,,,max_schedule_lag_seconds,0.0146341463415,s
speedup,GAIA,fs-native,1,3,,,,read_p99_latency_ms,3.76442593694,ms
speedup,GAIA,fs-native,1,3,,,,wall_throughput_gb_per_second,0.450062971248,GB/s
speedup,GAIA,fs-native,1.25,1,,,,max_schedule_lag_seconds,0.0192307692308,s
speedup,GAIA,fs-native,1.25,1,,,,read_p99_latency_ms,4.0712945591,ms
speedup,GAIA,fs-native,1.25,1,,,,wall_throughput_gb_per_second,0.504925356868,GB/s
speedup,GAIA,fs-native,1.25,2,,,,max_schedule_lag_seconds,0.01875,s
speedup,GAIA,fs-native,1.25,2,,,,read_p99_latency_ms,3.96951219512,ms
speedup,GAIA,fs-native,1.25,2,,,,wall_throughput_gb_per_second,0.517872160891,GB/s
speedup,GAIA,fs-native,1.25,3,,,,max_schedule_lag_seconds,0.0182926829268,s
speedup,GAIA,fs-native,1.25,3,,,,read_p99_latency_ms,3.87269482451,ms
speedup,GAIA,fs-native,1.25,3,,,,wall_throughput_gb_per_second,0.530818964913,GB/s
speedup,GAIA,fs-native,1.5,1,,,,max_schedule_lag_seconds,0.0330193615908,s
speedup,GAIA,fs-native,1.5,1,,,,read_p99_latency_ms,4.24050746002,ms
speedup,GAIA,fs-native,1.5,1,,,,wall_throughput_gb_per_second,0.572476067633,GB/s
speedup,GAIA,fs-native,1.5,2,,,,max_schedule_lag_seconds,0.032193877551,s
speedup,GAIA,fs-native,1.5,2,,,,read_p99_latency_ms,4.13449477352,ms
speedup,GAIA,fs-native,1.5,2,,,,wall_throughput_gb_per_second,0.587154941162,GB/s
speedup,GAIA,fs-native,1.5,3,,,,max_schedule_lag_seconds,0.0314086610254,s
speedup,GAIA,fs-native,1.5,3,,,,read_p99_latency_ms,4.03365343758,ms
speedup,GAIA,fs-native,1.5,3,,,,wall_throughput_gb_per_second,0.601833814691,GB/s
speedup,GAIA,fs-native,2,1,,,,max_schedule_lag_seconds,0.388697017268,s
speedup,GAIA,fs-native,2,1,,,,read_p99_latency_ms,6.40686143125,ms
speedup,GAIA,fs-native,2,1,,,,wall_throughput_gb_per_second,0.684115575351,GB/s
speedup,GAIA,fs-native,2,2,,,,max_schedule_lag_seconds,0.378979591837,s
speedup,GAIA,fs-native,2,2,,,,read_p99_latency_ms,6.24668989547,ms
speedup,GAIA,fs-native,2,2,,,,wall_throughput_gb_per_second,0.70165700036,GB/s
speedup,GAIA,fs-native,2,3,,,,max_schedule_lag_seconds,0.369736187158,s
speedup,GAIA,fs-native,2,3,,,,read_p99_latency_ms,6.09433160534,ms
speedup,GAIA,fs-native,2,3,,,,wall_throughput_gb_per_second,0.719198425369,GB/s
speedup,GAIA,pNFS,1,1,,,,max_schedule_lag_seconds,0.0153846153846,s
speedup,GAIA,pNFS,1,1,,,,read_p99_latency_ms,3.24512820513,ms
speedup,GAIA,pNFS,1,1,,,,wall_throughput_gb_per_second,0.461015398666,GB/s
speedup,GAIA,pNFS,1,2,,,,max_schedule_lag_seconds,0.015,s
speedup,GAIA,pNFS,1,2,,,,read_p99_latency_ms,3.164,ms
speedup,GAIA,pNFS,1,2,,,,wall_throughput_gb_per_second,0.472836306324,GB/s
speedup,GAIA,pNFS,1,3,,,,max_schedule_lag_seconds,0.0146341463415,s
speedup,GAIA,pNFS,1,3,,,,read_p99_latency_ms,3.08682926829,ms
speedup,GAIA,pNFS,1,3,,,,wall_throughput_gb_per_second,0.484657213982,GB/s
speedup,GAIA,pNFS,1.25,1,,,,max_schedule_lag_seconds,0.0192307692308,s
speedup,GAIA,pNFS,1.25,1,,,,read_p99_latency_ms,3.33846153846,ms
speedup,GAIA,pNFS,1.25,1,,,,wall_throughput_gb_per_second,0.552909916687,GB/s
speedup,GAIA,pNFS,1.25,2,,,,max_schedule_lag_seconds,0.01875,s
speedup,GAIA,pNFS,1.25,2,,,,read_p99_latency_ms,3.255,ms
speedup,GAIA,pNFS,1.25,2,,,,wall_throughput_gb_per_second,0.567087094038,GB/s
speedup,GAIA,pNFS,1.25,3,,,,max_schedule_lag_seconds,0.0182926829268,s
speedup,GAIA,pNFS,1.25,3,,,,read_p99_latency_ms,3.1756097561,ms
speedup,GAIA,pNFS,1.25,3,,,,wall_throughput_gb_per_second,0.581264271389,GB/s
speedup,GAIA,pNFS,1.5,1,,,,max_schedule_lag_seconds,0.0230769230769,s
speedup,GAIA,pNFS,1.5,1,,,,read_p99_latency_ms,3.43179487179,ms
speedup,GAIA,pNFS,1.5,1,,,,wall_throughput_gb_per_second,0.637009785946,GB/s
speedup,GAIA,pNFS,1.5,2,,,,max_schedule_lag_seconds,0.0225,s
speedup,GAIA,pNFS,1.5,2,,,,read_p99_latency_ms,3.346,ms
speedup,GAIA,pNFS,1.5,2,,,,wall_throughput_gb_per_second,0.653343370201,GB/s
speedup,GAIA,pNFS,1.5,3,,,,max_schedule_lag_seconds,0.0219512195122,s
speedup,GAIA,pNFS,1.5,3,,,,read_p99_latency_ms,3.2643902439,ms
speedup,GAIA,pNFS,1.5,3,,,,wall_throughput_gb_per_second,0.669676954456,GB/s
speedup,GAIA,pNFS,2,1,,,,max_schedule_lag_seconds,0.0548274770497,s
speedup,GAIA,pNFS,2,1,,,,read_p99_latency_ms,3.72836973726,ms
speedup,GAIA,pNFS,2,1,,,,wall_throughput_gb_per_second,0.784414119135,GB/s
speedup,GAIA,pNFS,2,2,,,,max_schedule_lag_seconds,0.0534567901235,s
speedup,GAIA,pNFS,2,2,,,,read_p99_latency_ms,3.63516049383,ms
speedup,GAIA,pNFS,2,2,,,,wall_throughput_gb_per_second,0.804527301676,GB/s
speedup,GAIA,pNFS,2,3,,,,max_schedule_lag_seconds,0.0521529659741,s
speedup,GAIA,pNFS,2,3,,,,read_p99_latency_ms,3.54649804276,ms
speedup,GAIA,pNFS,2,3,,,,wall_throughput_gb_per_second,0.824640484218,GB/s
speedup,SWE-bench,3FS,1,1,,,,max_schedule_lag_seconds,0.0153846153846,s
speedup,SWE-bench,3FS,1,1,,,,read_p99_latency_ms,2.75010864841,ms
speedup,SWE-bench,3FS,1,1,,,,wall_throughput_gb_per_second,0.830704886384,GB/s
speedup,SWE-bench,3FS,1,2,,,,max_schedule_lag_seconds,0.015,s
speedup,SWE-bench,3FS,1,2,,,,read_p99_latency_ms,2.6813559322,ms
speedup,SWE-bench,3FS,1,2,,,,wall_throughput_gb_per_second,0.852005011676,GB/s
speedup,SWE-bench,3FS,1,3,,,,max_schedule_lag_seconds,0.0146341463415,s
speedup,SWE-bench,3FS,1,3,,,,read_p99_latency_ms,2.61595700703,ms
speedup,SWE-bench,3FS,1,3,,,,wall_throughput_gb_per_second,0.873305136967,GB/s
speedup,SWE-bench,3FS,1.25,1,,,,max_schedule_lag_seconds,0.0192307692308,s
speedup,SWE-bench,3FS,1.25,1,,,,read_p99_latency_ms,2.82920469361,ms
speedup,SWE-bench,3FS,1.25,1,,,,wall_throughput_gb_per_second,1.00685613438,GB/s
speedup,SWE-bench,3FS,1.25,2,,,,max_schedule_lag_seconds,0.01875,s
speedup,SWE-bench,3FS,1.25,2,,,,read_p99_latency_ms,2.75847457627,ms
speedup,SWE-bench,3FS,1.25,2,,,,wall_throughput_gb_per_second,1.03267295834,GB/s
speedup,SWE-bench,3FS,1.25,3,,,,max_schedule_lag_seconds,0.0182926829268,s
speedup,SWE-bench,3FS,1.25,3,,,,read_p99_latency_ms,2.69119470856,ms
speedup,SWE-bench,3FS,1.25,3,,,,wall_throughput_gb_per_second,1.05848978229,GB/s
speedup,SWE-bench,3FS,1.5,1,,,,max_schedule_lag_seconds,0.0230769230769,s
speedup,SWE-bench,3FS,1.5,1,,,,read_p99_latency_ms,2.90830073881,ms
speedup,SWE-bench,3FS,1.5,1,,,,wall_throughput_gb_per_second,1.17195383214,GB/s
speedup,SWE-bench,3FS,1.5,2,,,,max_schedule_lag_seconds,0.0225,s
speedup,SWE-bench,3FS,1.5,2,,,,read_p99_latency_ms,2.83559322034,ms
speedup,SWE-bench,3FS,1.5,2,,,,wall_throughput_gb_per_second,1.2020039304,GB/s
speedup,SWE-bench,3FS,1.5,3,,,,max_schedule_lag_seconds,0.0219512195122,s
speedup,SWE-bench,3FS,1.5,3,,,,read_p99_latency_ms,2.76643241009,ms
speedup,SWE-bench,3FS,1.5,3,,,,wall_throughput_gb_per_second,1.23205402866,GB/s
speedup,SWE-bench,3FS,2,1,,,,max_schedule_lag_seconds,0.0307692307692,s
speedup,SWE-bench,3FS,2,1,,,,read_p99_latency_ms,3.0664928292,ms
speedup,SWE-bench,3FS,2,1,,,,wall_throughput_gb_per_second,1.4717195085,GB/s
speedup,SWE-bench,3FS,2,2,,,,max_schedule_lag_seconds,0.03,s
speedup,SWE-bench,3FS,2,2,,,,read_p99_latency_ms,2.98983050847,ms
speedup,SWE-bench,3FS,2,2,,,,wall_throughput_gb_per_second,1.50945590615,GB/s
speedup,SWE-bench,3FS,2,3,,,,max_schedule_lag_seconds,0.0292682926829,s
speedup,SWE-bench,3FS,2,3,,,,read_p99_latency_ms,2.91690781315,ms
speedup,SWE-bench,3FS,2,3,,,,wall_throughput_gb_per_second,1.54719230381,GB/s
speedup,SWE-bench,fs-native,1,1,,,,max_schedule_lag_seconds,0.0153846153846,s
speedup,SWE-bench,fs-native,1,1,,,,read_p99_latency_ms,3.95747342089,ms
speedup,SWE-bench,fs-native,1,1,,,,wall_throughput_gb_per_second,0.737298282166,GB/s
speedup,SWE-bench,fs-native,1,2,,,,max_schedule_lag_seconds,0.015,s
speedup,SWE-bench,fs-native,1,2,,,,read_p99_latency_ms,3.85853658537,ms
speedup,SWE-bench,fs-native,1,2,,,,wall_throughput_gb_per_second,0.756203366324,GB/s
speedup,SWE-bench,fs-native,1,3,,,,max_schedule_lag_seconds,0.0146341463415,s
speedup,SWE-bench,fs-native,1,3,,,,read_p99_latency_ms,3.76442593694,ms
speedup,SWE-bench,fs-native,1,3,,,,wall_throughput_gb_per_second,0.775108450482,GB/s
speedup,SWE-bench,fs-native,1.25,1,,,,max_schedule_lag_seconds,0.0192307692308,s
speedup,SWE-bench,fs-native,1.25,1,,,,read_p99_latency_ms,4.0712945591,ms
speedup,SWE-bench,fs-native,1.25,1,,,,wall_throughput_gb_per_second,0.869593670162,GB/s
speedup,SWE-bench,fs-native,1.25,2,,,,max_schedule_lag_seconds,0.01875,s
speedup,SWE-bench,fs-native,1.25,2,,,,read_p99_latency_ms,3.96951219512,ms
speedup,SWE-bench,fs-native,1.25,2,,,,wall_throughput_gb_per_second,0.891890943756,GB/s
speedup,SWE-bench,fs-native,1.25,3,,,,max_schedule_lag_seconds,0.0182926829268,s
speedup,SWE-bench,fs-native,1.25,3,,,,read_p99_latency_ms,3.87269482451,ms
speedup,SWE-bench,fs-native,1.25,3,,,,wall_throughput_gb_per_second,0.91418821735,GB/s
speedup,SWE-bench,fs-native,1.5,1,,,,max_schedule_lag_seconds,0.0330193615908,s
speedup,SWE-bench,fs-native,1.5,1,,,,read_p99_latency_ms,4.24050746002,ms
speedup,SWE-bench,fs-native,1.5,1,,,,wall_throughput_gb_per_second,0.985931005368,GB/s
speedup,SWE-bench,fs-native,1.5,2,,,,max_schedule_lag_seconds,0.032193877551,s
speedup,SWE-bench,fs-native,1.5,2,,,,read_p99_latency_ms,4.13449477352,ms
speedup,SWE-bench,fs-native,1.5,2,,,,wall_throughput_gb_per_second,1.01121128756,GB/s
speedup,SWE-bench,fs-native,1.5,3,,,,max_schedule_lag_seconds,0.0314086610254,s
speedup,SWE-bench,fs-native,1.5,3,,,,read_p99_latency_ms,4.03365343758,ms
speedup,SWE-bench,fs-native,1.5,3,,,,wall_throughput_gb_per_second,1.03649156975,GB/s
speedup,SWE-bench,fs-native,2,1,,,,max_schedule_lag_seconds,0.388697017268,s
speedup,SWE-bench,fs-native,2,1,,,,read_p99_latency_ms,6.40686143125,ms
speedup,SWE-bench,fs-native,2,1,,,,wall_throughput_gb_per_second,1.17819904644,GB/s
speedup,SWE-bench,fs-native,2,2,,,,max_schedule_lag_seconds,0.378979591837,s
speedup,SWE-bench,fs-native,2,2,,,,read_p99_latency_ms,6.24668989547,ms
speedup,SWE-bench,fs-native,2,2,,,,wall_throughput_gb_per_second,1.2084092784,GB/s
speedup,SWE-bench,fs-native,2,3,,,,max_schedule_lag_seconds,0.369736187158,s
speedup,SWE-bench,fs-native,2,3,,,,read_p99_latency_ms,6.09433160534,ms
speedup,SWE-bench,fs-native,2,3,,,,wall_throughput_gb_per_second,1.23861951036,GB/s
speedup,SWE-bench,pNFS,1,1,,,,max_schedule_lag_seconds,0.0153846153846,s
speedup,SWE-bench,pNFS,1,1,,,,read_p99_latency_ms,3.24512820513,ms
speedup,SWE-bench,pNFS,1,1,,,,wall_throughput_gb_per_second,0.793970964368,GB/s
speedup,SWE-bench,pNFS,1,2,,,,max_schedule_lag_seconds,0.015,s
speedup,SWE-bench,pNFS,1,2,,,,read_p99_latency_ms,3.164,ms
speedup,SWE-bench,pNFS,1,2,,,,wall_throughput_gb_per_second,0.814329194224,GB/s
speedup,SWE-bench,pNFS,1,3,,,,max_schedule_lag_seconds,0.0146341463415,s
speedup,SWE-bench,pNFS,1,3,,,,read_p99_latency_ms,3.08682926829,ms
speedup,SWE-bench,pNFS,1,3,,,,wall_throughput_gb_per_second,0.83468742408,GB/s
speedup,SWE-bench,pNFS,1.25,1,,,,max_schedule_lag_seconds,0.0192307692308,s
speedup,SWE-bench,pNFS,1.25,1,,,,read_p99_latency_ms,3.33846153846,ms
speedup,SWE-bench,pNFS,1.25,1,,,,wall_throughput_gb_per_second,0.952233745406,GB/s
speedup,SWE-bench,pNFS,1.25,2,,,,max_schedule_lag_seconds,0.01875,s
speedup,SWE-bench,pNFS,1.25,2,,,,read_p99_latency_ms,3.255,ms
speedup,SWE-bench,pNFS,1.25,2,,,,wall_throughput_gb_per_second,0.976649995288,GB/s
speedup,SWE-bench,pNFS,1.25,3,,,,max_schedule_lag_seconds,0.0182926829268,s
speedup,SWE-bench,pNFS,1.25,3,,,,read_p99_latency_ms,3.1756097561,ms
speedup,SWE-bench,pNFS,1.25,3,,,,wall_throughput_gb_per_second,1.00106624517,GB/s
speedup,SWE-bench,pNFS,1.5,1,,,,max_schedule_lag_seconds,0.0230769230769,s
speedup,SWE-bench,pNFS,1.5,1,,,,read_p99_latency_ms,3.43179487179,ms
speedup,SWE-bench,pNFS,1.5,1,,,,wall_throughput_gb_per_second,1.09707240913,GB/s
speedup,SWE-bench,pNFS,1.5,2,,,,max_schedule_lag_seconds,0.0225,s
speedup,SWE-bench,pNFS,1.5,2,,,,read_p99_latency_ms,3.346,ms
speedup,SWE-bench,pNFS,1.5,2,,,,wall_throughput_gb_per_second,1.1252024709,GB/s
speedup,SWE-bench,pNFS,1.5,3,,,,max_schedule_lag_seconds,0.0219512195122,s
speedup,SWE-bench,pNFS,1.5,3,,,,read_p99_latency_ms,3.2643902439,ms
speedup,SWE-bench,pNFS,1.5,3,,,,wall_throughput_gb_per_second,1.15333253267,GB/s
speedup,SWE-bench,pNFS,2,1,,,,max_schedule_lag_seconds,0.0548274770497,s
speedup,SWE-bench,pNFS,2,1,,,,read_p99_latency_ms,3.72836973726,ms
speedup,SWE-bench,pNFS,2,1,,,,wall_throughput_gb_per_second,1.3509354274,GB/s
speedup,SWE-bench,pNFS,2,2,,,,max_schedule_lag_seconds,0.0534567901235,s
speedup,SWE-bench,pNFS,2,2,,,,read_p99_latency_ms,3.63516049383,ms
speedup,SWE-bench,pNFS,2,2,,,,wall_throughput_gb_per_second,1.38557479733,GB/s
speedup,SWE-bench,pNFS,2,3,,,,max_schedule_lag_seconds,0.0521529659741,s
speedup,SWE-bench,pNFS,2,3,,,,read_p99_latency_ms,3.54649804276,ms
speedup,SWE-bench,pNFS,2,3,,,,wall_throughput_gb_per_second,1.42021416726,GB/s
speedup,ToolAgent,3FS,1,1,,,,max_schedule_lag_seconds,0.0153846153846,s
speedup,ToolAgent,3FS,1,1,,,,read_p99_latency_ms,2.75010864841,ms
speedup,ToolAgent,3FS,1,1,,,,wall_throughput_gb_per_second,0.723517159108,GB/s
speedup,ToolAgent,3FS,1,2,,,,max_schedule_lag_seconds,0.015,s
speedup,ToolAgent,3FS,1,2,,,,read_p99_latency_ms,2.6813559322,ms
speedup,ToolAgent,3FS,1,2,,,,wall_throughput_gb_per_second,0.742068881137,GB/s
speedup,ToolAgent,3FS,1,3,,,,max_schedule_lag_seconds,0.0146341463415,s
speedup,ToolAgent,3FS,1,3,,,,read_p99_latency_ms,2.61595700703,ms
speedup,ToolAgent,3FS,1,3,,,,wall_throughput_gb_per_second,0.760620603165,GB/s
speedup,ToolAgent,3FS,1.25,1,,,,max_schedule_lag_seconds,0.0192307692308,s
speedup,ToolAgent,3FS,1.25,1,,,,read_p99_latency_ms,2.82920469361,ms
speedup,ToolAgent,3FS,1.25,1,,,,wall_throughput_gb_per_second,0.876939213813,GB/s
speedup,ToolAgent,3FS,1.25,2,,,,max_schedule_lag_seconds,0.01875,s
speedup,ToolAgent,3FS,1.25,2,,,,read_p99_latency_ms,2.75847457627,ms
speedup,ToolAgent,3FS,1.25,2,,,,wall_throughput_gb_per_second,0.89942483468,GB/s
speedup,ToolAgent,3FS,1.25,3,,,,max_schedule_lag_seconds,0.0182926829268,s
speedup,ToolAgent,3FS,1.25,3,,,,read_p99_latency_ms,2.69119470856,ms
speedup,ToolAgent,3FS,1.25,3,,,,wall_throughput_gb_per_second,0.921910455547,GB/s
speedup,ToolAgent,3FS,1.5,1,,,,max_schedule_lag_seconds,0.0230769230769,s
speedup,ToolAgent,3FS,1.5,1,,,,read_p99_latency_ms,2.90830073881,ms
speedup,ToolAgent,3FS,1.5,1,,,,wall_throughput_gb_per_second,1.02073398283,GB/s
speedup,ToolAgent,3FS,1.5,2,,,,max_schedule_lag_seconds,0.0225,s
speedup,ToolAgent,3FS,1.5,2,,,,read_p99_latency_ms,2.83559322034,ms
speedup,ToolAgent,3FS,1.5,2,,,,wall_throughput_gb_per_second,1.04690664906,GB/s
speedup,ToolAgent,3FS,1.5,3,,,,max_schedule_lag_seconds,0.0219512195122,s
speedup,ToolAgent,3FS,1.5,3,,,,read_p99_latency_ms,2.76643241009,ms
speedup,ToolAgent,3FS,1.5,3,,,,wall_throughput_gb_per_second,1.07307931529,GB/s
speedup,ToolAgent,3FS,2,1,,,,max_schedule_lag_seconds,0.0307692307692,s
speedup,ToolAgent,3FS,2,1,,,,read_p99_latency_ms,3.0664928292,ms
speedup,ToolAgent,3FS,2,1,,,,wall_throughput_gb_per_second,1.28182021708,GB/s
speedup,ToolAgent,3FS,2,2,,,,max_schedule_lag_seconds,0.03,s
speedup,ToolAgent,3FS,2,2,,,,read_p99_latency_ms,2.98983050847,ms
speedup,ToolAgent,3FS,2,2,,,,wall_throughput_gb_per_second,1.31468740213,GB/s
speedup,ToolAgent,3FS,2,3,,,,max_schedule_lag_seconds,0.0292682926829,s
speedup,ToolAgent,3FS,2,3,,,,read_p99_latency_ms,2.91690781315,ms
speedup,ToolAgent,3FS,2,3,,,,wall_throughput_gb_per_second,1.34755458719,GB/s
speedup,ToolAgent,fs-native,1,1,,,,max_schedule_lag_seconds,0.0153846153846,s
speedup,ToolAgent,fs-native,1,1,,,,read_p99_latency_ms,3.95747342089,ms
speedup,ToolAgent,fs-native,1,1,,,,wall_throughput_gb_per_second,0.642163019951,GB/s
speedup,ToolAgent,fs-native,1,2,,,,max_schedule_lag_seconds,0.015,s
speedup,ToolAgent,fs-native,1,2,,,,read_p99_latency_ms,3.85853658537,ms
speedup,ToolAgent,fs-native,1,2,,,,wall_throughput_gb_per_second,0.658628738411,GB/s
speedup,ToolAgent,fs-native,1,3,,,,max_schedule_lag_seconds,0.0146341463415,s
speedup,ToolAgent,fs-native,1,3,,,,read_p99_latency_ms,3.76442593694,ms
speedup,ToolAgent,fs-native,1,3,,,,wall_throughput_gb_per_second,0.675094456872,GB/s
speedup,ToolAgent,fs-native,1.25,1,,,,max_schedule_lag_seconds,0.0192307692308,s
speedup,ToolAgent,fs-native,1.25,1,,,,read_p99_latency_ms,4.0712945591,ms
speedup,ToolAgent,fs-native,1.25,1,,,,wall_throughput_gb_per_second,0.757388035302,GB/s
speedup,ToolAgent,fs-native,1.25,2,,,,max_schedule_lag_seconds,0.01875,s
speedup,ToolAgent,fs-native,1.25,2,,,,read_p99_latency_ms,3.96951219512,ms
speedup,ToolAgent,fs-native,1.25,2,,,,wall_throughput_gb_per_second,0.776808241336,GB/s
speedup,ToolAgent,fs-native,1.25,3,,,,max_schedule_lag_seconds,0.0182926829268,s
speedup,ToolAgent,fs-native,1.25,3,,,,read_p99_latency_ms,3.87269482451,ms
speedup,ToolAgent,fs-native,1.25,3,,,,wall_throughput_gb_per_second,0.796228447369,GB/s
speedup,ToolAgent,fs-native,1.5,1,,,,max_schedule_lag_seconds,0.0330193615908,s
speedup,ToolAgent,fs-native,1.5,1,,,,read_p99_latency_ms,4.24050746002,ms
speedup,ToolAgent,fs-native,1.5,1,,,,wall_throughput_gb_per_second,0.85871410145,GB/s
speedup,ToolAgent,fs-native,1.5,2,,,,max_schedule_lag_seconds,0.032193877551,s
speedup,ToolAgent,fs-native,1.5,2,,,,read_p99_latency_ms,4.13449477352,ms
speedup,ToolAgent,fs-native,1.5,2,,,,wall_throughput_gb_per_second,0.880732411743,GB/s
speedup,ToolAgent,fs-native,1.5,3,,,,max_schedule_lag_seconds,0.0314086610254,s
speedup,ToolAgent,fs-native,1.5,3,,,,read_p99_latency_ms,4.03365343758,ms
speedup,ToolAgent,fs-native,1.5,3,,,,wall_throughput_gb_per_second,0.902750722037,GB/s
speedup,ToolAgent,fs-native,2,1,,,,max_schedule_lag_seconds,0.388697017268,s
speedup,ToolAgent,fs-native,2,1,,,,read_p99_latency_ms,6.40686143125,ms
speedup,ToolAgent,fs-native,2,1,,,,wall_throughput_gb_per_second,1.02617336303,GB/s
speedup,ToolAgent,fs-native,2,2,,,,max_schedule_lag_seconds,0.378979591837,s
speedup,ToolAgent,fs-native,2,2,,,,read_p99_latency_ms,6.24668989547,ms
speedup,ToolAgent,fs-native,2,2,,,,wall_throughput_gb_per_second,1.05248550054,GB/s
speedup,ToolAgent,fs-native,2,3,,,,max_schedule_lag_seconds,0.369736187158,s
speedup,ToolAgent,fs-native,2,3,,,,read_p99_latency_ms,6.09433160534,ms
speedup,ToolAgent,fs-native,2,3,,,,wall_throughput_gb_per_second,1.07879763805,GB/s
speedup,ToolAgent,pNFS,1,1,,,,max_schedule_lag_seconds,0.0153846153846,s
speedup,ToolAgent,pNFS,1,1,,,,read_p99_latency_ms,3.24512820513,ms
speedup,ToolAgent,pNFS,1,1,,,,wall_throughput_gb_per_second,0.691523097998,GB/s
speedup,ToolAgent,pNFS,1,2,,,,max_schedule_lag_seconds,0.015,s
speedup,ToolAgent,pNFS,1,2,,,,read_p99_latency_ms,3.164,ms
speedup,ToolAgent,pNFS,1,2,,,,wall_throughput_gb_per_second,0.709254459485,GB/s
speedup,ToolAgent,pNFS,1,3,,,,max_schedule_lag_seconds,0.0146341463415,s
speedup,ToolAgent,pNFS,1,3,,,,read_p99_latency_ms,3.08682926829,ms
speedup,ToolAgent,pNFS,1,3,,,,wall_throughput_gb_per_second,0.726985820973,GB/s
speedup,ToolAgent,pNFS,1.25,1,,,,max_schedule_lag_seconds,0.0192307692308,s
speedup,ToolAgent,pNFS,1.25,1,,,,read_p99_latency_ms,3.33846153846,ms
speedup,ToolAgent,pNFS,1.25,1,,,,wall_throughput_gb_per_second,0.829364875031,GB/s
speedup,ToolAgent,pNFS,1.25,2,,,,max_schedule_lag_seconds,0.01875,s
speedup,ToolAgent,pNFS,1.25,2,,,,read_p99_latency_ms,3.255,ms
speedup,ToolAgent,pNFS,1.25,2,,,,wall_throughput_gb_per_second,0.850630641057,GB/s
speedup,ToolAgent,pNFS,1.25,3,,,,max_schedule_lag_seconds,0.0182926829268,s
speedup,ToolAgent,pNFS,1.25,3,,,,read_p99_latency_ms,3.1756097561,ms
speedup,ToolAgent,pNFS,1.25,3,,,,wall_throughput_gb_per_second,0.871896407084,GB/s
speedup,ToolAgent,pNFS,1.5,1,,,,max_schedule_lag_seconds,0.0230769230769,s
speedup,ToolAgent,pNFS,1.5,1,,,,read_p99_latency_ms,3.43179487179,ms
speedup,ToolAgent,pNFS,1.5,1,,,,wall_throughput_gb_per_second,0.955514678919,GB/s
speedup,ToolAgent,pNFS,1.5,2,,,,max_schedule_lag_seconds,0.0225,s
speedup,ToolAgent,pNFS,1.5,2,,,,read_p99_latency_ms,3.346,ms
speedup,ToolAgent,pNFS,1.5,2,,,,wall_throughput_gb_per_second,0.980015055301,GB/s
speedup,ToolAgent,pNFS,1.5,3,,,,max_schedule_lag_seconds,0.0219512195122,s
speedup,ToolAgent,pNFS,1.5,3,,,,read_p99_latency_ms,3.2643902439,ms
speedup,ToolAgent,pNFS,1.5,3,,,,wall_throughput_gb_per_second,1.00451543168,GB/s
speedup,ToolAgent,pNFS,2,1,,,,max_schedule_lag_seconds,0.0548274770497,s
speedup,ToolAgent,pNFS,2,1,,,,read_p99_latency_ms,3.72836973726,ms
speedup,ToolAgent,pNFS,2,1,,,,wall_throughput_gb_per_second,1.1766211787,GB/s
speedup,ToolAgent,pNFS,2,2,,,,max_schedule_lag_seconds,0.0534567901235,s
speedup,ToolAgent,pNFS,2,2,,,,read_p99_latency_ms,3.63516049383,ms
speedup,ToolAgent,pNFS,2,2,,,,wall_throughput_gb_per_second,1.20679095251,GB/s
speedup,ToolAgent,pNFS,2,3,,,,max_schedule_lag_seconds,0.0521529659741,s
speedup,ToolAgent,pNFS,2,3,,,,read_p99_latency_ms,3.54649804276,ms
speedup,ToolAgent,pNFS,2,3,,,,wall_throughput_gb_per_second,1.23696072633,GB/s
speedup,WildClaw,3FS,1,1,,,,max_schedule_lag_seconds,0.0153846153846,s
speedup,WildClaw,3FS,1,1,,,,read_p99_latency_ms,2.75010864841,ms
speedup,WildClaw,3FS,1,1,,,,wall_throughput_gb_per_second,0.656524829561,GB/s
speedup,WildClaw,3FS,1,2,,,,max_schedule_lag_seconds,0.015,s
speedup,WildClaw,3FS,1,2,,,,read_p99_latency_ms,2.6813559322,ms
speedup,WildClaw,3FS,1,2,,,,wall_throughput_gb_per_second,0.67335879955,GB/s
speedup,WildClaw,3FS,1,3,,,,max_schedule_lag_seconds,0.0146341463415,s
speedup,WildClaw,3FS,1,3,,,,read_p99_latency_ms,2.61595700703,ms
speedup,WildClaw,3FS,1,3,,,,wall_throughput_gb_per_second,0.690192769539,GB/s
speedup,WildClaw,3FS,1.25,1,,,,max_schedule_lag_seconds,0.0192307692308,s
speedup,WildClaw,3FS,1.25,1,,,,read_p99_latency_ms,2.82920469361,ms
speedup,WildClaw,3FS,1.25,1,,,,wall_throughput_gb_per_second,0.79574113846,GB/s
speedup,WildClaw,3FS,1.25,2,,,,max_schedule_lag_seconds,0.01875,s
speedup,WildClaw,3FS,1.25,2,,,,read_p99_latency_ms,2.75847457627,ms
speedup,WildClaw,3FS,1.25,2,,,,wall_throughput_gb_per_second,0.816144757394,GB/s
speedup,WildClaw,3FS,1.25,3,,,,max_schedule_lag_seconds,0.0182926829268,s
speedup,WildClaw,3FS,1.25,3,,,,read_p99_latency_ms,2.69119470856,ms
speedup,WildClaw,3FS,1.25,3,,,,wall_throughput_gb_per_second,0.836548376329,GB/s
speedup,WildClaw,3FS,1.5,1,,,,max_schedule_lag_seconds,0.0230769230769,s
speedup,WildClaw,3FS,1.5,1,,,,read_p99_latency_ms,2.90830073881,ms
speedup,WildClaw,3FS,1.5,1,,,,wall_throughput_gb_per_second,0.926221577017,GB/s
speedup,WildClaw,3FS,1.5,2,,,,max_schedule_lag_seconds,0.0225,s
speedup,WildClaw,3FS,1.5,2,,,,read_p99_latency_ms,2.83559322034,ms
speedup,WildClaw,3FS,1.5,2,,,,wall_throughput_gb_per_second,0.949970848222,GB/s
speedup,WildClaw,3FS,1.5,3,,,,max_schedule_lag_seconds,0.0219512195122,s
speedup,WildClaw,3FS,1.5,3,,,,read_p99_latency_ms,2.76643241009,ms
speedup,WildClaw,3FS,1.5,3,,,,wall_throughput_gb_per_second,0.973720119428,GB/s
speedup,WildClaw,3FS,2,1,,,,max_schedule_lag_seconds,0.0307692307692,s
speedup,WildClaw,3FS,2,1,,,,read_p99_latency_ms,3.0664928292,ms
speedup,WildClaw,3FS,2,1,,,,wall_throughput_gb_per_second,1.16313315994,GB/s
speedup,WildClaw,3FS,2,2,,,,max_schedule_lag_seconds,0.03,s
speedup,WildClaw,3FS,2,2,,,,read_p99_latency_ms,2.98983050847,ms
speedup,WildClaw,3FS,2,2,,,,wall_throughput_gb_per_second,1.19295708712,GB/s
speedup,WildClaw,3FS,2,3,,,,max_schedule_lag_seconds,0.0292682926829,s
speedup,WildClaw,3FS,2,3,,,,read_p99_latency_ms,2.91690781315,ms
speedup,WildClaw,3FS,2,3,,,,wall_throughput_gb_per_second,1.2227810143,GB/s
speedup,WildClaw,fs-native,1,1,,,,max_schedule_lag_seconds,0.0153846153846,s
speedup,WildClaw,fs-native,1,1,,,,read_p99_latency_ms,3.95747342089,ms
speedup,WildClaw,fs-native,1,1,,,,wall_throughput_gb_per_second,0.582703481067,GB/s
speedup,WildClaw,fs-native,1,2,,,,max_schedule_lag_seconds,0.015,s
speedup,WildClaw,fs-native,1,2,,,,read_p99_latency_ms,3.85853658537,ms
speedup,WildClaw,fs-native,1,2,,,,wall_throughput_gb_per_second,0.597644595966,GB/s
speedup,WildClaw,fs-native,1,3,,,,max_schedule_lag_seconds,0.0146341463415,s
speedup,WildClaw,fs-native,1,3,,,,read_p99_latency_ms,3.76442593694,ms
speedup,WildClaw,fs-native,1,3,,,,wall_throughput_gb_per_second,0.612585710865,GB/s
speedup,WildClaw,fs-native,1.25,1,,,,max_schedule_lag_seconds,0.0192307692308,s
speedup,WildClaw,fs-native,1.25,1,,,,read_p99_latency_ms,4.0712945591,ms
speedup,WildClaw,fs-native,1.25,1,,,,wall_throughput_gb_per_second,0.687259513515,GB/s
speedup,WildClaw,fs-native,1.25,2,,,,max_schedule_lag_seconds,0.01875,s
speedup,WildClaw,fs-native,1.25,2,,,,read_p99_latency_ms,3.96951219512,ms
speedup,WildClaw,fs-native,1.25,2,,,,wall_throughput_gb_per_second,0.704881552323,GB/s
speedup,WildClaw,fs-native,1.25,3,,,,max_schedule_lag_seconds,0.0182926829268,s
speedup,WildClaw,fs-native,1.25,3,,,,read_p99_latency_ms,3.87269482451,ms
speedup,WildClaw,fs-native,1.25,3,,,,wall_throughput_gb_per_second,0.722503591131,GB/s
speedup,WildClaw,fs-native,1.5,1,,,,max_schedule_lag_seconds,0.0330193615908,s
speedup,WildClaw,fs-native,1.5,1,,,,read_p99_latency_ms,4.24050746002,ms
speedup,WildClaw,fs-native,1.5,1,,,,wall_throughput_gb_per_second,0.7792035365,GB/s
speedup,WildClaw,fs-native,1.5,2,,,,max_schedule_lag_seconds,0.032193877551,s
speedup,WildClaw,fs-native,1.5,2,,,,read_p99_latency_ms,4.13449477352,ms
speedup,WildClaw,fs-native,1.5,2,,,,wall_throughput_gb_per_second,0.799183114359,GB/s
speedup,WildClaw,fs-native,1.5,3,,,,max_schedule_lag_seconds,0.0314086610254,s
speedup,WildClaw,fs-native,1.5,3,,,,read_p99_latency_ms,4.03365343758,ms
speedup,WildClaw,fs-native,1.5,3,,,,wall_throughput_gb_per_second,0.819162692218,GB/s
speedup,WildClaw,fs-native,2,1,,,,max_schedule_lag_seconds,0.388697017268,s
speedup,WildClaw,fs-native,2,1,,,,read_p99_latency_ms,6.40686143125,ms
speedup,WildClaw,fs-native,2,1,,,,wall_throughput_gb_per_second,0.931157310895,GB/s
speedup,WildClaw,fs-native,2,2,,,,max_schedule_lag_seconds,0.378979591837,s
speedup,WildClaw,fs-native,2,2,,,,read_p99_latency_ms,6.24668989547,ms
speedup,WildClaw,fs-native,2,2,,,,wall_throughput_gb_per_second,0.955033139379,GB/s
speedup,WildClaw,fs-native,2,3,,,,max_schedule_lag_seconds,0.369736187158,s
speedup,WildClaw,fs-native,2,3,,,,read_p99_latency_ms,6.09433160534,ms
speedup,WildClaw,fs-native,2,3,,,,wall_throughput_gb_per_second,0.978908967864,GB/s
speedup,WildClaw,pNFS,1,1,,,,max_schedule_lag_seconds,0.0153846153846,s
speedup,WildClaw,pNFS,1,1,,,,read_p99_latency_ms,3.24512820513,ms
speedup,WildClaw,pNFS,1,1,,,,wall_throughput_gb_per_second,0.627493181517,GB/s
speedup,WildClaw,pNFS,1,2,,,,max_schedule_lag_seconds,0.015,s
speedup,WildClaw,pNFS,1,2,,,,read_p99_latency_ms,3.164,ms
speedup,WildClaw,pNFS,1,2,,,,wall_throughput_gb_per_second,0.643582750274,GB/s
speedup,WildClaw,pNFS,1,3,,,,max_schedule_lag_seconds,0.0146341463415,s
speedup,WildClaw,pNFS,1,3,,,,read_p99_latency_ms,3.08682926829,ms
speedup,WildClaw,pNFS,1,3,,,,wall_throughput_gb_per_second,0.659672319031,GB/s
speedup,WildClaw,pNFS,1.25,1,,,,max_schedule_lag_seconds,0.0192307692308,s
speedup,WildClaw,pNFS,1.25,1,,,,read_p99_latency_ms,3.33846153846,ms
speedup,WildClaw,pNFS,1.25,1,,,,wall_throughput_gb_per_second,0.752571831046,GB/s
speedup,WildClaw,pNFS,1.25,2,,,,max_schedule_lag_seconds,0.01875,s
speedup,WildClaw,pNFS,1.25,2,,,,read_p99_latency_ms,3.255,ms
speedup,WildClaw,pNFS,1.25,2,,,,wall_throughput_gb_per_second,0.771868544663,GB/s
speedup,WildClaw,pNFS,1.25,3,,,,max_schedule_lag_seconds,0.0182926829268,s
speedup,WildClaw,pNFS,1.25,3,,,,read_p99_latency_ms,3.1756097561,ms
speedup,WildClaw,pNFS,1.25,3,,,,wall_throughput_gb_per_second,0.791165258279,GB/s
speedup,WildClaw,pNFS,1.5,1,,,,max_schedule_lag_seconds,0.0230769230769,s
speedup,WildClaw,pNFS,1.5,1,,,,read_p99_latency_ms,3.43179487179,ms
speedup,WildClaw,pNFS,1.5,1,,,,wall_throughput_gb_per_second,0.867041097537,GB/s
speedup,WildClaw,pNFS,1.5,2,,,,max_schedule_lag_seconds,0.0225,s
speedup,WildClaw,pNFS,1.5,2,,,,read_p99_latency_ms,3.346,ms
speedup,WildClaw,pNFS,1.5,2,,,,wall_throughput_gb_per_second,0.889272920551,GB/s
speedup,WildClaw,pNFS,1.5,3,,,,max_schedule_lag_seconds,0.0219512195122,s
speedup,WildClaw,pNFS,1.5,3,,,,read_p99_latency_ms,3.2643902439,ms
speedup,WildClaw,pNFS,1.5,3,,,,wall_throughput_gb_per_second,0.911504743565,GB/s
speedup,WildClaw,pNFS,2,1,,,,max_schedule_lag_seconds,0.0548274770497,s
speedup,WildClaw,pNFS,2,1,,,,read_p99_latency_ms,3.72836973726,ms
speedup,WildClaw,pNFS,2,1,,,,wall_throughput_gb_per_second,1.06767477327,GB/s
speedup,WildClaw,pNFS,2,2,,,,max_schedule_lag_seconds,0.0534567901235,s
speedup,WildClaw,pNFS,2,2,,,,read_p99_latency_ms,3.63516049383,ms
speedup,WildClaw,pNFS,2,2,,,,wall_throughput_gb_per_second,1.0950510495,GB/s
speedup,WildClaw,pNFS,2,3,,,,max_schedule_lag_seconds,0.0521529659741,s
speedup,WildClaw,pNFS,2,3,,,,read_p99_latency_ms,3.54649804276,ms
speedup,WildClaw,pNFS,2,3,,,,wall_throughput_gb_per_second,1.12242732574,GB/s
throughput,Conversation,3FS,1,1,,,0,l2_read_gb_per_second,0.705939318696,GB/s
throughput,Conversation,3FS,1,1,,,0,l2_write_gb_per_second,0.514738474159,GB/s
throughput,Conversation,3FS,1,1,,,5,l2_read_gb_per_second,0.748735141887,GB/s
throughput,Conversation,3FS,1,1,,,5,l2_write_gb_per_second,0.429750393032,GB/s
throughput,Conversation,3FS,1,1,,,10,l2_read_gb_per_second,0.711462048246,GB/s
throughput,Conversation,3FS,1,1,,,10,l2_write_gb_per_second,0.341774073228,GB/s
throughput,Conversation,3FS,1,1,,,15,l2_read_gb_per_second,0.602339004018,GB/s
throughput,Conversation,3FS,1,1,,,15,l2_write_gb_per_second,0.367103353861,GB/s
throughput,Conversation,3FS,1,1,,,20,l2_read_gb_per_second,0.558196250585,GB/s
throughput,Conversation,3FS,1,1,,,20,l2_write_gb_per_second,0.228016746733,GB/s
throughput,Conversation,3FS,1,1,,,25,l2_read_gb_per_second,0.468598811342,GB/s
throughput,Conversation,3FS,1,1,,,25,l2_write_gb_per_second,0.268286686542,GB/s
throughput,Conversation,3FS,1,1,,,30,l2_read_gb_per_second,0.447897197754,GB/s
throughput,Conversation,3FS,1,1,,,30,l2_write_gb_per_second,0.288103160765,GB/s
throughput,Conversation,3FS,1,1,,,35,l2_read_gb_per_second,0.570517803174,GB/s
throughput,Conversation,3FS,1,1,,,35,l2_write_gb_per_second,0.365180910431,GB/s
throughput,Conversation,3FS,1,1,,,40,l2_read_gb_per_second,0.69359166494,GB/s
throughput,Conversation,3FS,1,1,,,40,l2_write_gb_per_second,0.513991289157,GB/s
throughput,Conversation,3FS,1,1,,,45,l2_read_gb_per_second,0.819790176733,GB/s
throughput,Conversation,3FS,1,1,,,45,l2_write_gb_per_second,0.538125290873,GB/s
throughput,Conversation,3FS,1,1,,,50,l2_read_gb_per_second,0.84209477919,GB/s
throughput,Conversation,3FS,1,1,,,50,l2_write_gb_per_second,0.58817990037,GB/s
throughput,Conversation,3FS,1,1,,,55,l2_read_gb_per_second,0.849809055282,GB/s
throughput,Conversation,3FS,1,1,,,55,l2_write_gb_per_second,0.618419414118,GB/s
throughput,Conversation,3FS,1,1,,,60,l2_read_gb_per_second,0.805625783278,GB/s
throughput,Conversation,3FS,1,1,,,60,l2_write_gb_per_second,0.583918356454,GB/s
throughput,Conversation,3FS,1,1,,,65,l2_read_gb_per_second,0.82129619699,GB/s
throughput,Conversation,3FS,1,1,,,65,l2_write_gb_per_second,0.561501055591,GB/s
throughput,Conversation,3FS,1,1,,,70,l2_read_gb_per_second,0.677420007603,GB/s
throughput,Conversation,3FS,1,1,,,70,l2_write_gb_per_second,0.590115605195,GB/s
throughput,Conversation,3FS,1,1,,,75,l2_read_gb_per_second,0.61260489665,GB/s
throughput,Conversation,3FS,1,1,,,75,l2_write_gb_per_second,0.645003163355,GB/s
throughput,Conversation,3FS,1,1,,,80,l2_read_gb_per_second,0.602586278765,GB/s
throughput,Conversation,3FS,1,1,,,80,l2_write_gb_per_second,0.557758669579,GB/s
throughput,Conversation,3FS,1,1,,,85,l2_read_gb_per_second,0.428917078529,GB/s
throughput,Conversation,3FS,1,1,,,85,l2_write_gb_per_second,0.575677962622,GB/s
throughput,Conversation,3FS,1,1,,,90,l2_read_gb_per_second,0.469537461966,GB/s
throughput,Conversation,3FS,1,1,,,90,l2_write_gb_per_second,0.563117358326,GB/s
throughput,Conversation,3FS,1,1,,,95,l2_read_gb_per_second,0.473346525296,GB/s
throughput,Conversation,3FS,1,1,,,95,l2_write_gb_per_second,0.527890163866,GB/s
throughput,Conversation,3FS,1,1,,,100,l2_read_gb_per_second,0.500048017916,GB/s
throughput,Conversation,3FS,1,1,,,100,l2_write_gb_per_second,0.388008509255,GB/s
throughput,Conversation,3FS,1,1,,,105,l2_read_gb_per_second,0.543274313866,GB/s
throughput,Conversation,3FS,1,1,,,105,l2_write_gb_per_second,0.382668095627,GB/s
throughput,Conversation,3FS,1,1,,,110,l2_read_gb_per_second,0.596636523992,GB/s
throughput,Conversation,3FS,1,1,,,110,l2_write_gb_per_second,0.377238054101,GB/s
throughput,Conversation,3FS,1,1,,,115,l2_read_gb_per_second,0.714012070177,GB/s
throughput,Conversation,3FS,1,1,,,115,l2_write_gb_per_second,0.344595054348,GB/s
throughput,Conversation,3FS,1,1,,,120,l2_read_gb_per_second,0.704240503353,GB/s
throughput,Conversation,3FS,1,1,,,120,l2_write_gb_per_second,0.384541348104,GB/s
throughput,Conversation,3FS,1,2,,,0,l2_read_gb_per_second,0.673049654836,GB/s
throughput,Conversation,3FS,1,2,,,0,l2_write_gb_per_second,0.527313608544,GB/s
throughput,Conversation,3FS,1,2,,,5,l2_read_gb_per_second,0.699506808119,GB/s
throughput,Conversation,3FS,1,2,,,5,l2_write_gb_per_second,0.482066005548,GB/s
throughput,Conversation,3FS,1,2,,,10,l2_read_gb_per_second,0.742333625925,GB/s
throughput,Conversation,3FS,1,2,,,10,l2_write_gb_per_second,0.453277356221,GB/s
throughput,Conversation,3FS,1,2,,,15,l2_read_gb_per_second,0.576486426972,GB/s
throughput,Conversation,3FS,1,2,,,15,l2_write_gb_per_second,0.349015492493,GB/s
throughput,Conversation,3FS,1,2,,,20,l2_read_gb_per_second,0.552259202068,GB/s
throughput,Conversation,3FS,1,2,,,20,l2_write_gb_per_second,0.304745598372,GB/s
throughput,Conversation,3FS,1,2,,,25,l2_read_gb_per_second,0.443264064607,GB/s
throughput,Conversation,3FS,1,2,,,25,l2_write_gb_per_second,0.241382079511,GB/s
throughput,Conversation,3FS,1,2,,,30,l2_read_gb_per_second,0.474001812236,GB/s
throughput,Conversation,3FS,1,2,,,30,l2_write_gb_per_second,0.314398999702,GB/s
throughput,Conversation,3FS,1,2,,,35,l2_read_gb_per_second,0.526636332883,GB/s
throughput,Conversation,3FS,1,2,,,35,l2_write_gb_per_second,0.370789610237,GB/s
throughput,Conversation,3FS,1,2,,,40,l2_read_gb_per_second,0.730272653792,GB/s
throughput,Conversation,3FS,1,2,,,40,l2_write_gb_per_second,0.430587828657,GB/s
throughput,Conversation,3FS,1,2,,,45,l2_read_gb_per_second,0.857305429283,GB/s
throughput,Conversation,3FS,1,2,,,45,l2_write_gb_per_second,0.572627519896,GB/s
throughput,Conversation,3FS,1,2,,,50,l2_read_gb_per_second,0.842525104489,GB/s
throughput,Conversation,3FS,1,2,,,50,l2_write_gb_per_second,0.548140474506,GB/s
throughput,Conversation,3FS,1,2,,,55,l2_read_gb_per_second,0.85417752125,GB/s
throughput,Conversation,3FS,1,2,,,55,l2_write_gb_per_second,0.621460618103,GB/s
throughput,Conversation,3FS,1,2,,,60,l2_read_gb_per_second,0.810564908572,GB/s
throughput,Conversation,3FS,1,2,,,60,l2_write_gb_per_second,0.581841472304,GB/s
throughput,Conversation,3FS,1,2,,,65,l2_read_gb_per_second,0.780010576085,GB/s
throughput,Conversation,3FS,1,2,,,65,l2_write_gb_per_second,0.626606957907,GB/s
throughput,Conversation,3FS,1,2,,,70,l2_read_gb_per_second,0.751696755492,GB/s
throughput,Conversation,3FS,1,2,,,70,l2_write_gb_per_second,0.598924363221,GB/s
throughput,Conversation,3FS,1,2,,,75,l2_read_gb_per_second,0.650614394962,GB/s
throughput,Conversation,3FS,1,2,,,75,l2_write_gb_per_second,0.627711728584,GB/s
throughput,Conversation,3FS,1,2,,,80,l2_read_gb_per_second,0.581909190697,GB/s
throughput,Conversation,3FS,1,2,,,80,l2_write_gb_per_second,0.624511346396,GB/s
throughput,Conversation,3FS,1,2,,,85,l2_read_gb_per_second,0.500835175331,GB/s
throughput,Conversation,3FS,1,2,,,85,l2_write_gb_per_second,0.625238872789,GB/s
throughput,Conversation,3FS,1,2,,,90,l2_read_gb_per_second,0.443869771961,GB/s
throughput,Conversation,3FS,1,2,,,90,l2_write_gb_per_second,0.523501755084,GB/s
throughput,Conversation,3FS,1,2,,,95,l2_read_gb_per_second,0.526043839464,GB/s
throughput,Conversation,3FS,1,2,,,95,l2_write_gb_per_second,0.467220018043,GB/s
throughput,Conversation,3FS,1,2,,,100,l2_read_gb_per_second,0.586454108447,GB/s
throughput,Conversation,3FS,1,2,,,100,l2_write_gb_per_second,0.440397046584,GB/s
throughput,Conversation,3FS,1,2,,,105,l2_read_gb_per_second,0.616116995988,GB/s
throughput,Conversation,3FS,1,2,,,105,l2_write_gb_per_second,0.400729641191,GB/s
throughput,Conversation,3FS,1,2,,,110,l2_read_gb_per_second,0.666038788834,GB/s
throughput,Conversation,3FS,1,2,,,110,l2_write_gb_per_second,0.359617501592,GB/s
throughput,Conversation,3FS,1,2,,,115,l2_read_gb_per_second,0.678233007362,GB/s
throughput,Conversation,3FS,1,2,,,115,l2_write_gb_per_second,0.3935064056,GB/s
throughput,Conversation,3FS,1,2,,,120,l2_read_gb_per_second,0.712127695691,GB/s
throughput,Conversation,3FS,1,2,,,120,l2_write_gb_per_second,0.445846438392,GB/s
throughput,Conversation,3FS,1,3,,,0,l2_read_gb_per_second,0.73245383572,GB/s
throughput,Conversation,3FS,1,3,,,0,l2_write_gb_per_second,0.485990194664,GB/s
throughput,Conversation,3FS,1,3,,,5,l2_read_gb_per_second,0.703254946834,GB/s
throughput,Conversation,3FS,1,3,,,5,l2_write_gb_per_second,0.459602831756,GB/s
throughput,Conversation,3FS,1,3,,,10,l2_read_gb_per_second,0.672351057696,GB/s
throughput,Conversation,3FS,1,3,,,10,l2_write_gb_per_second,0.41820673388,GB/s
throughput,Conversation,3FS,1,3,,,15,l2_read_gb_per_second,0.608898949725,GB/s
throughput,Conversation,3FS,1,3,,,15,l2_write_gb_per_second,0.310560736293,GB/s
throughput,Conversation,3FS,1,3,,,20,l2_read_gb_per_second,0.583882717616,GB/s
throughput,Conversation,3FS,1,3,,,20,l2_write_gb_per_second,0.276858110644,GB/s
throughput,Conversation,3FS,1,3,,,25,l2_read_gb_per_second,0.510478666918,GB/s
throughput,Conversation,3FS,1,3,,,25,l2_write_gb_per_second,0.264803026282,GB/s
throughput,Conversation,3FS,1,3,,,30,l2_read_gb_per_second,0.478725248067,GB/s
throughput,Conversation,3FS,1,3,,,30,l2_write_gb_per_second,0.373793993407,GB/s
throughput,Conversation,3FS,1,3,,,35,l2_read_gb_per_second,0.638218948115,GB/s
throughput,Conversation,3FS,1,3,,,35,l2_write_gb_per_second,0.404672027239,GB/s
throughput,Conversation,3FS,1,3,,,40,l2_read_gb_per_second,0.785417181583,GB/s
throughput,Conversation,3FS,1,3,,,40,l2_write_gb_per_second,0.486318728312,GB/s
throughput,Conversation,3FS,1,3,,,45,l2_read_gb_per_second,0.789046825609,GB/s
throughput,Conversation,3FS,1,3,,,45,l2_write_gb_per_second,0.575460874941,GB/s
throughput,Conversation,3FS,1,3,,,50,l2_read_gb_per_second,0.893338918011,GB/s
throughput,Conversation,3FS,1,3,,,50,l2_write_gb_per_second,0.579967933616,GB/s
throughput,Conversation,3FS,1,3,,,55,l2_read_gb_per_second,0.895902695196,GB/s
throughput,Conversation,3FS,1,3,,,55,l2_write_gb_per_second,0.589549366911,GB/s
throughput,Conversation,3FS,1,3,,,60,l2_read_gb_per_second,0.81017667839,GB/s
throughput,Conversation,3FS,1,3,,,60,l2_write_gb_per_second,0.620488902796,GB/s
throughput,Conversation,3FS,1,3,,,65,l2_read_gb_per_second,0.825610415994,GB/s
throughput,Conversation,3FS,1,3,,,65,l2_write_gb_per_second,0.562287443003,GB/s
throughput,Conversation,3FS,1,3,,,70,l2_read_gb_per_second,0.757919600117,GB/s
throughput,Conversation,3FS,1,3,,,70,l2_write_gb_per_second,0.648395625922,GB/s
throughput,Conversation,3FS,1,3,,,75,l2_read_gb_per_second,0.694779831465,GB/s
throughput,Conversation,3FS,1,3,,,75,l2_write_gb_per_second,0.637428879424,GB/s
throughput,Conversation,3FS,1,3,,,80,l2_read_gb_per_second,0.624820057877,GB/s
throughput,Conversation,3FS,1,3,,,80,l2_write_gb_per_second,0.63471522887,GB/s
throughput,Conversation,3FS,1,3,,,85,l2_read_gb_per_second,0.52364968029,GB/s
throughput,Conversation,3FS,1,3,,,85,l2_write_gb_per_second,0.58500923196,GB/s
throughput,Conversation,3FS,1,3,,,90,l2_read_gb_per_second,0.436772510242,GB/s
throughput,Conversation,3FS,1,3,,,90,l2_write_gb_per_second,0.517991040142,GB/s
throughput,Conversation,3FS,1,3,,,95,l2_read_gb_per_second,0.463387665125,GB/s
throughput,Conversation,3FS,1,3,,,95,l2_write_gb_per_second,0.483410805304,GB/s
throughput,Conversation,3FS,1,3,,,100,l2_read_gb_per_second,0.485189728842,GB/s
throughput,Conversation,3FS,1,3,,,100,l2_write_gb_per_second,0.423510975687,GB/s
throughput,Conversation,3FS,1,3,,,105,l2_read_gb_per_second,0.595154340702,GB/s
throughput,Conversation,3FS,1,3,,,105,l2_write_gb_per_second,0.378539473013,GB/s
throughput,Conversation,3FS,1,3,,,110,l2_read_gb_per_second,0.696636292603,GB/s
throughput,Conversation,3FS,1,3,,,110,l2_write_gb_per_second,0.387698417697,GB/s
throughput,Conversation,3FS,1,3,,,115,l2_read_gb_per_second,0.75869936802,GB/s
throughput,Conversation,3FS,1,3,,,115,l2_write_gb_per_second,0.379514338068,GB/s
throughput,Conversation,3FS,1,3,,,120,l2_read_gb_per_second,0.723910168233,GB/s
throughput,Conversation,3FS,1,3,,,120,l2_write_gb_per_second,0.428450953413,GB/s
throughput,Conversation,fs-native,1,1,,,0,l2_read_gb_per_second,0.480209128545,GB/s
throughput,Conversation,fs-native,1,1,,,0,l2_write_gb_per_second,0.321043926823,GB/s
throughput,Conversation,fs-native,1,1,,,5,l2_read_gb_per_second,0.479606635607,GB/s
throughput,Conversation,fs-native,1,1,,,5,l2_write_gb_per_second,0.334156089409,GB/s
throughput,Conversation,fs-native,1,1,,,10,l2_read_gb_per_second,0.494209198401,GB/s
throughput,Conversation,fs-native,1,1,,,10,l2_write_gb_per_second,0.273180433885,GB/s
throughput,Conversation,fs-native,1,1,,,15,l2_read_gb_per_second,0.408293673677,GB/s
throughput,Conversation,fs-native,1,1,,,15,l2_write_gb_per_second,0.251523759775,GB/s
throughput,Conversation,fs-native,1,1,,,20,l2_read_gb_per_second,0.343917378536,GB/s
throughput,Conversation,fs-native,1,1,,,20,l2_write_gb_per_second,0.185505332901,GB/s
throughput,Conversation,fs-native,1,1,,,25,l2_read_gb_per_second,0.364666220656,GB/s
throughput,Conversation,fs-native,1,1,,,25,l2_write_gb_per_second,0.20009054703,GB/s
throughput,Conversation,fs-native,1,1,,,30,l2_read_gb_per_second,0.408493852009,GB/s
throughput,Conversation,fs-native,1,1,,,30,l2_write_gb_per_second,0.211420492667,GB/s
throughput,Conversation,fs-native,1,1,,,35,l2_read_gb_per_second,0.398736438483,GB/s
throughput,Conversation,fs-native,1,1,,,35,l2_write_gb_per_second,0.252063477905,GB/s
throughput,Conversation,fs-native,1,1,,,40,l2_read_gb_per_second,0.480786433707,GB/s
throughput,Conversation,fs-native,1,1,,,40,l2_write_gb_per_second,0.328793769984,GB/s
throughput,Conversation,fs-native,1,1,,,45,l2_read_gb_per_second,0.549040821354,GB/s
throughput,Conversation,fs-native,1,1,,,45,l2_write_gb_per_second,0.344094040693,GB/s
throughput,Conversation,fs-native,1,1,,,50,l2_read_gb_per_second,0.588604370347,GB/s
throughput,Conversation,fs-native,1,1,,,50,l2_write_gb_per_second,0.362903387774,GB/s
throughput,Conversation,fs-native,1,1,,,55,l2_read_gb_per_second,0.576497957553,GB/s
throughput,Conversation,fs-native,1,1,,,55,l2_write_gb_per_second,0.414998762807,GB/s
throughput,Conversation,fs-native,1,1,,,60,l2_read_gb_per_second,0.551894047975,GB/s
throughput,Conversation,fs-native,1,1,,,60,l2_write_gb_per_second,0.393404388542,GB/s
throughput,Conversation,fs-native,1,1,,,65,l2_read_gb_per_second,0.507488975572,GB/s
throughput,Conversation,fs-native,1,1,,,65,l2_write_gb_per_second,0.401856260187,GB/s
throughput,Conversation,fs-native,1,1,,,70,l2_read_gb_per_second,0.53924239151,GB/s
throughput,Conversation,fs-native,1,1,,,70,l2_write_gb_per_second,0.433755570943,GB/s
throughput,Conversation,fs-native,1,1,,,75,l2_read_gb_per_second,0.435081499792,GB/s
throughput,Conversation,fs-native,1,1,,,75,l2_write_gb_per_second,0.392305707817,GB/s
throughput,Conversation,fs-native,1,1,,,80,l2_read_gb_per_second,0.377140062769,GB/s
throughput,Conversation,fs-native,1,1,,,80,l2_write_gb_per_second,0.395416169755,GB/s
throughput,Conversation,fs-native,1,1,,,85,l2_read_gb_per_second,0.369264498002,GB/s
throughput,Conversation,fs-native,1,1,,,85,l2_write_gb_per_second,0.39983204235,GB/s
throughput,Conversation,fs-native,1,1,,,90,l2_read_gb_per_second,0.310767727786,GB/s
throughput,Conversation,fs-native,1,1,,,90,l2_write_gb_per_second,0.396909473213,GB/s
throughput,Conversation,fs-native,1,1,,,95,l2_read_gb_per_second,0.333085084058,GB/s
throughput,Conversation,fs-native,1,1,,,95,l2_write_gb_per_second,0.338366287001,GB/s
throughput,Conversation,fs-native,1,1,,,100,l2_read_gb_per_second,0.319768716855,GB/s
throughput,Conversation,fs-native,1,1,,,100,l2_write_gb_per_second,0.290444833006,GB/s
throughput,Conversation,fs-native,1,1,,,105,l2_read_gb_per_second,0.393424748772,GB/s
throughput,Conversation,fs-native,1,1,,,105,l2_write_gb_per_second,0.257522794026,GB/s
throughput,Conversation,fs-native,1,1,,,110,l2_read_gb_per_second,0.446815618572,GB/s
throughput,Conversation,fs-native,1,1,,,110,l2_write_gb_per_second,0.248922690078,GB/s
throughput,Conversation,fs-native,1,1,,,115,l2_read_gb_per_second,0.515151320808,GB/s
throughput,Conversation,fs-native,1,1,,,115,l2_write_gb_per_second,0.211838244935,GB/s
throughput,Conversation,fs-native,1,1,,,120,l2_read_gb_per_second,0.496136379964,GB/s
throughput,Conversation,fs-native,1,1,,,120,l2_write_gb_per_second,0.307895160337,GB/s
throughput,Conversation,fs-native,1,2,,,0,l2_read_gb_per_second,0.430346882747,GB/s
throughput,Conversation,fs-native,1,2,,,0,l2_write_gb_per_second,0.369725906782,GB/s
throughput,Conversation,fs-native,1,2,,,5,l2_read_gb_per_second,0.544262551277,GB/s
throughput,Conversation,fs-native,1,2,,,5,l2_write_gb_per_second,0.337256107924,GB/s
throughput,Conversation,fs-native,1,2,,,10,l2_read_gb_per_second,0.47881562064,GB/s
throughput,Conversation,fs-native,1,2,,,10,l2_write_gb_per_second,0.30793360599,GB/s
throughput,Conversation,fs-native,1,2,,,15,l2_read_gb_per_second,0.471826855374,GB/s
throughput,Conversation,fs-native,1,2,,,15,l2_write_gb_per_second,0.244196475053,GB/s
throughput,Conversation,fs-native,1,2,,,20,l2_read_gb_per_second,0.396226607969,GB/s
throughput,Conversation,fs-native,1,2,,,20,l2_write_gb_per_second,0.177451514932,GB/s
throughput,Conversation,fs-native,1,2,,,25,l2_read_gb_per_second,0.373905076926,GB/s
throughput,Conversation,fs-native,1,2,,,25,l2_write_gb_per_second,0.192767967936,GB/s
throughput,Conversation,fs-native,1,2,,,30,l2_read_gb_per_second,0.320291071625,GB/s
throughput,Conversation,fs-native,1,2,,,30,l2_write_gb_per_second,0.213504569532,GB/s
throughput,Conversation,fs-native,1,2,,,35,l2_read_gb_per_second,0.430056768685,GB/s
throughput,Conversation,fs-native,1,2,,,35,l2_write_gb_per_second,0.218889759025,GB/s
throughput,Conversation,fs-native,1,2,,,40,l2_read_gb_per_second,0.472291347074,GB/s
throughput,Conversation,fs-native,1,2,,,40,l2_write_gb_per_second,0.348840452271,GB/s
throughput,Conversation,fs-native,1,2,,,45,l2_read_gb_per_second,0.568021899143,GB/s
throughput,Conversation,fs-native,1,2,,,45,l2_write_gb_per_second,0.399152721631,GB/s
throughput,Conversation,fs-native,1,2,,,50,l2_read_gb_per_second,0.628205275663,GB/s
throughput,Conversation,fs-native,1,2,,,50,l2_write_gb_per_second,0.375543104607,GB/s
throughput,Conversation,fs-native,1,2,,,55,l2_read_gb_per_second,0.65760751187,GB/s
throughput,Conversation,fs-native,1,2,,,55,l2_write_gb_per_second,0.417884285875,GB/s
throughput,Conversation,fs-native,1,2,,,60,l2_read_gb_per_second,0.594949300091,GB/s
throughput,Conversation,fs-native,1,2,,,60,l2_write_gb_per_second,0.422585917345,GB/s
throughput,Conversation,fs-native,1,2,,,65,l2_read_gb_per_second,0.537106876956,GB/s
throughput,Conversation,fs-native,1,2,,,65,l2_write_gb_per_second,0.425410335538,GB/s
throughput,Conversation,fs-native,1,2,,,70,l2_read_gb_per_second,0.52882129729,GB/s
throughput,Conversation,fs-native,1,2,,,70,l2_write_gb_per_second,0.41339286521,GB/s
throughput,Conversation,fs-native,1,2,,,75,l2_read_gb_per_second,0.452976637351,GB/s
throughput,Conversation,fs-native,1,2,,,75,l2_write_gb_per_second,0.427712081869,GB/s
throughput,Conversation,fs-native,1,2,,,80,l2_read_gb_per_second,0.431341961877,GB/s
throughput,Conversation,fs-native,1,2,,,80,l2_write_gb_per_second,0.423647888609,GB/s
throughput,Conversation,fs-native,1,2,,,85,l2_read_gb_per_second,0.317204675119,GB/s
throughput,Conversation,fs-native,1,2,,,85,l2_write_gb_per_second,0.390371202948,GB/s
throughput,Conversation,fs-native,1,2,,,90,l2_read_gb_per_second,0.339678129934,GB/s
throughput,Conversation,fs-native,1,2,,,90,l2_write_gb_per_second,0.412369444544,GB/s
throughput,Conversation,fs-native,1,2,,,95,l2_read_gb_per_second,0.31401741083,GB/s
throughput,Conversation,fs-native,1,2,,,95,l2_write_gb_per_second,0.375339279737,GB/s
throughput,Conversation,fs-native,1,2,,,100,l2_read_gb_per_second,0.377479583246,GB/s
throughput,Conversation,fs-native,1,2,,,100,l2_write_gb_per_second,0.296245998677,GB/s
throughput,Conversation,fs-native,1,2,,,105,l2_read_gb_per_second,0.407408795629,GB/s
throughput,Conversation,fs-native,1,2,,,105,l2_write_gb_per_second,0.276523644721,GB/s
throughput,Conversation,fs-native,1,2,,,110,l2_read_gb_per_second,0.504045748149,GB/s
throughput,Conversation,fs-native,1,2,,,110,l2_write_gb_per_second,0.248534369816,GB/s
throughput,Conversation,fs-native,1,2,,,115,l2_read_gb_per_second,0.464836645347,GB/s
throughput,Conversation,fs-native,1,2,,,115,l2_write_gb_per_second,0.266504058752,GB/s
throughput,Conversation,fs-native,1,2,,,120,l2_read_gb_per_second,0.487668428159,GB/s
throughput,Conversation,fs-native,1,2,,,120,l2_write_gb_per_second,0.280760591761,GB/s
throughput,Conversation,fs-native,1,3,,,0,l2_read_gb_per_second,0.473034443628,GB/s
throughput,Conversation,fs-native,1,3,,,0,l2_write_gb_per_second,0.34392830433,GB/s
throughput,Conversation,fs-native,1,3,,,5,l2_read_gb_per_second,0.495222016486,GB/s
throughput,Conversation,fs-native,1,3,,,5,l2_write_gb_per_second,0.329591854,GB/s
throughput,Conversation,fs-native,1,3,,,10,l2_read_gb_per_second,0.47181437911,GB/s
throughput,Conversation,fs-native,1,3,,,10,l2_write_gb_per_second,0.267542893199,GB/s
throughput,Conversation,fs-native,1,3,,,15,l2_read_gb_per_second,0.466254431298,GB/s
throughput,Conversation,fs-native,1,3,,,15,l2_write_gb_per_second,0.225619184504,GB/s
throughput,Conversation,fs-native,1,3,,,20,l2_read_gb_per_second,0.396925262211,GB/s
throughput,Conversation,fs-native,1,3,,,20,l2_write_gb_per_second,0.202961235184,GB/s
throughput,Conversation,fs-native,1,3,,,25,l2_read_gb_per_second,0.317368014108,GB/s
throughput,Conversation,fs-native,1,3,,,25,l2_write_gb_per_second,0.183302794707,GB/s
throughput,Conversation,fs-native,1,3,,,30,l2_read_gb_per_second,0.368514781511,GB/s
throughput,Conversation,fs-native,1,3,,,30,l2_write_gb_per_second,0.205663370214,GB/s
throughput,Conversation,fs-native,1,3,,,35,l2_read_gb_per_second,0.447442370691,GB/s
throughput,Conversation,fs-native,1,3,,,35,l2_write_gb_per_second,0.259718221063,GB/s
throughput,Conversation,fs-native,1,3,,,40,l2_read_gb_per_second,0.501136348602,GB/s
throughput,Conversation,fs-native,1,3,,,40,l2_write_gb_per_second,0.332203216013,GB/s
throughput,Conversation,fs-native,1,3,,,45,l2_read_gb_per_second,0.576560288999,GB/s
throughput,Conversation,fs-native,1,3,,,45,l2_write_gb_per_second,0.402272683898,GB/s
throughput,Conversation,fs-native,1,3,,,50,l2_read_gb_per_second,0.667360076665,GB/s
throughput,Conversation,fs-native,1,3,,,50,l2_write_gb_per_second,0.409311012639,GB/s
throughput,Conversation,fs-native,1,3,,,55,l2_read_gb_per_second,0.570486129098,GB/s
throughput,Conversation,fs-native,1,3,,,55,l2_write_gb_per_second,0.434450754436,GB/s
throughput,Conversation,fs-native,1,3,,,60,l2_read_gb_per_second,0.597800028536,GB/s
throughput,Conversation,fs-native,1,3,,,60,l2_write_gb_per_second,0.470641034,GB/s
throughput,Conversation,fs-native,1,3,,,65,l2_read_gb_per_second,0.55440394851,GB/s
throughput,Conversation,fs-native,1,3,,,65,l2_write_gb_per_second,0.416849690446,GB/s
throughput,Conversation,fs-native,1,3,,,70,l2_read_gb_per_second,0.506345351518,GB/s
throughput,Conversation,fs-native,1,3,,,70,l2_write_gb_per_second,0.426407520692,GB/s
throughput,Conversation,fs-native,1,3,,,75,l2_read_gb_per_second,0.457991654806,GB/s
throughput,Conversation,fs-native,1,3,,,75,l2_write_gb_per_second,0.409965315258,GB/s
throughput,Conversation,fs-native,1,3,,,80,l2_read_gb_per_second,0.408353946111,GB/s
throughput,Conversation,fs-native,1,3,,,80,l2_write_gb_per_second,0.418233525994,GB/s
throughput,Conversation,fs-native,1,3,,,85,l2_read_gb_per_second,0.355631288003,GB/s
throughput,Conversation,fs-native,1,3,,,85,l2_write_gb_per_second,0.388388696413,GB/s
throughput,Conversation,fs-native,1,3,,,90,l2_read_gb_per_second,0.325969656506,GB/s
throughput,Conversation,fs-native,1,3,,,90,l2_write_gb_per_second,0.412135194605,GB/s
throughput,Conversation,fs-native,1,3,,,95,l2_read_gb_per_second,0.325611584655,GB/s
throughput,Conversation,fs-native,1,3,,,95,l2_write_gb_per_second,0.341025663227,GB/s
throughput,Conversation,fs-native,1,3,,,100,l2_read_gb_per_second,0.386198922954,GB/s
throughput,Conversation,fs-native,1,3,,,100,l2_write_gb_per_second,0.316477785691,GB/s
throughput,Conversation,fs-native,1,3,,,105,l2_read_gb_per_second,0.437680503124,GB/s
throughput,Conversation,fs-native,1,3,,,105,l2_write_gb_per_second,0.258034598398,GB/s
throughput,Conversation,fs-native,1,3,,,110,l2_read_gb_per_second,0.439703376299,GB/s
throughput,Conversation,fs-native,1,3,,,110,l2_write_gb_per_second,0.274547637484,GB/s
throughput,Conversation,fs-native,1,3,,,115,l2_read_gb_per_second,0.509950248906,GB/s
throughput,Conversation,fs-native,1,3,,,115,l2_write_gb_per_second,0.282450162292,GB/s
throughput,Conversation,fs-native,1,3,,,120,l2_read_gb_per_second,0.53533624185,GB/s
throughput,Conversation,fs-native,1,3,,,120,l2_write_gb_per_second,0.323900039828,GB/s
throughput,Conversation,pNFS,1,1,,,0,l2_read_gb_per_second,0.526051144843,GB/s
throughput,Conversation,pNFS,1,1,,,0,l2_write_gb_per_second,0.410742373189,GB/s
throughput,Conversation,pNFS,1,1,,,5,l2_read_gb_per_second,0.603137423143,GB/s
throughput,Conversation,pNFS,1,1,,,5,l2_write_gb_per_second,0.377079581463,GB/s
throughput,Conversation,pNFS,1,1,,,10,l2_read_gb_per_second,0.594742082171,GB/s
throughput,Conversation,pNFS,1,1,,,10,l2_write_gb_per_second,0.295967175672,GB/s
throughput,Conversation,pNFS,1,1,,,15,l2_read_gb_per_second,0.518785563557,GB/s
throughput,Conversation,pNFS,1,1,,,15,l2_write_gb_per_second,0.276955601568,GB/s
throughput,Conversation,pNFS,1,1,,,20,l2_read_gb_per_second,0.485513177505,GB/s
throughput,Conversation,pNFS,1,1,,,20,l2_write_gb_per_second,0.214028814254,GB/s
throughput,Conversation,pNFS,1,1,,,25,l2_read_gb_per_second,0.457684504155,GB/s
throughput,Conversation,pNFS,1,1,,,25,l2_write_gb_per_second,0.168265414636,GB/s
throughput,Conversation,pNFS,1,1,,,30,l2_read_gb_per_second,0.343347176364,GB/s
throughput,Conversation,pNFS,1,1,,,30,l2_write_gb_per_second,0.2287889663,GB/s
throughput,Conversation,pNFS,1,1,,,35,l2_read_gb_per_second,0.517044500495,GB/s
throughput,Conversation,pNFS,1,1,,,35,l2_write_gb_per_second,0.293628573662,GB/s
throughput,Conversation,pNFS,1,1,,,40,l2_read_gb_per_second,0.598686963863,GB/s
throughput,Conversation,pNFS,1,1,,,40,l2_write_gb_per_second,0.404792336811,GB/s
throughput,Conversation,pNFS,1,1,,,45,l2_read_gb_per_second,0.68238259814,GB/s
throughput,Conversation,pNFS,1,1,,,45,l2_write_gb_per_second,0.456603446323,GB/s
throughput,Conversation,pNFS,1,1,,,50,l2_read_gb_per_second,0.700519179162,GB/s
throughput,Conversation,pNFS,1,1,,,50,l2_write_gb_per_second,0.465555142846,GB/s
throughput,Conversation,pNFS,1,1,,,55,l2_read_gb_per_second,0.770564855245,GB/s
throughput,Conversation,pNFS,1,1,,,55,l2_write_gb_per_second,0.527588029165,GB/s
throughput,Conversation,pNFS,1,1,,,60,l2_read_gb_per_second,0.672674964232,GB/s
throughput,Conversation,pNFS,1,1,,,60,l2_write_gb_per_second,0.448586167254,GB/s
throughput,Conversation,pNFS,1,1,,,65,l2_read_gb_per_second,0.632650848907,GB/s
throughput,Conversation,pNFS,1,1,,,65,l2_write_gb_per_second,0.541066049496,GB/s
throughput,Conversation,pNFS,1,1,,,70,l2_read_gb_per_second,0.635651844181,GB/s
throughput,Conversation,pNFS,1,1,,,70,l2_write_gb_per_second,0.523907561631,GB/s
throughput,Conversation,pNFS,1,1,,,75,l2_read_gb_per_second,0.572753581941,GB/s
throughput,Conversation,pNFS,1,1,,,75,l2_write_gb_per_second,0.483353565519,GB/s
throughput,Conversation,pNFS,1,1,,,80,l2_read_gb_per_second,0.506810416325,GB/s
throughput,Conversation,pNFS,1,1,,,80,l2_write_gb_per_second,0.479321078033,GB/s
throughput,Conversation,pNFS,1,1,,,85,l2_read_gb_per_second,0.436913710254,GB/s
throughput,Conversation,pNFS,1,1,,,85,l2_write_gb_per_second,0.458475189366,GB/s
throughput,Conversation,pNFS,1,1,,,90,l2_read_gb_per_second,0.422364621284,GB/s
throughput,Conversation,pNFS,1,1,,,90,l2_write_gb_per_second,0.464840173149,GB/s
throughput,Conversation,pNFS,1,1,,,95,l2_read_gb_per_second,0.438908896221,GB/s
throughput,Conversation,pNFS,1,1,,,95,l2_write_gb_per_second,0.410133146834,GB/s
throughput,Conversation,pNFS,1,1,,,100,l2_read_gb_per_second,0.435922287292,GB/s
throughput,Conversation,pNFS,1,1,,,100,l2_write_gb_per_second,0.361335521995,GB/s
throughput,Conversation,pNFS,1,1,,,105,l2_read_gb_per_second,0.489741391697,GB/s
throughput,Conversation,pNFS,1,1,,,105,l2_write_gb_per_second,0.292190061194,GB/s
throughput,Conversation,pNFS,1,1,,,110,l2_read_gb_per_second,0.494628344867,GB/s
throughput,Conversation,pNFS,1,1,,,110,l2_write_gb_per_second,0.321933344623,GB/s
throughput,Conversation,pNFS,1,1,,,115,l2_read_gb_per_second,0.606576898806,GB/s
throughput,Conversation,pNFS,1,1,,,115,l2_write_gb_per_second,0.28020353877,GB/s
throughput,Conversation,pNFS,1,1,,,120,l2_read_gb_per_second,0.627205409879,GB/s
throughput,Conversation,pNFS,1,1,,,120,l2_write_gb_per_second,0.358600367519,GB/s
throughput,Conversation,pNFS,1,2,,,0,l2_read_gb_per_second,0.593277594019,GB/s
throughput,Conversation,pNFS,1,2,,,0,l2_write_gb_per_second,0.408606479206,GB/s
throughput,Conversation,pNFS,1,2,,,5,l2_read_gb_per_second,0.601226623892,GB/s
throughput,Conversation,pNFS,1,2,,,5,l2_write_gb_per_second,0.413043382945,GB/s
throughput,Conversation,pNFS,1,2,,,10,l2_read_gb_per_second,0.656792218126,GB/s
throughput,Conversation,pNFS,1,2,,,10,l2_write_gb_per_second,0.339720023374,GB/s
throughput,Conversation,pNFS,1,2,,,15,l2_read_gb_per_second,0.529009139369,GB/s
throughput,Conversation,pNFS,1,2,,,15,l2_write_gb_per_second,0.288241760639,GB/s
throughput,Conversation,pNFS,1,2,,,20,l2_read_gb_per_second,0.442745628119,GB/s
throughput,Conversation,pNFS,1,2,,,20,l2_write_gb_per_second,0.207763808665,GB/s
throughput,Conversation,pNFS,1,2,,,25,l2_read_gb_per_second,0.418920475278,GB/s
throughput,Conversation,pNFS,1,2,,,25,l2_write_gb_per_second,0.259851699165,GB/s
throughput,Conversation,pNFS,1,2,,,30,l2_read_gb_per_second,0.427875227108,GB/s
throughput,Conversation,pNFS,1,2,,,30,l2_write_gb_per_second,0.28186832368,GB/s
throughput,Conversation,pNFS,1,2,,,35,l2_read_gb_per_second,0.509643555956,GB/s
throughput,Conversation,pNFS,1,2,,,35,l2_write_gb_per_second,0.330946966881,GB/s
throughput,Conversation,pNFS,1,2,,,40,l2_read_gb_per_second,0.605721207734,GB/s
throughput,Conversation,pNFS,1,2,,,40,l2_write_gb_per_second,0.420743869017,GB/s
throughput,Conversation,pNFS,1,2,,,45,l2_read_gb_per_second,0.675700206059,GB/s
throughput,Conversation,pNFS,1,2,,,45,l2_write_gb_per_second,0.473626901683,GB/s
throughput,Conversation,pNFS,1,2,,,50,l2_read_gb_per_second,0.713418907333,GB/s
throughput,Conversation,pNFS,1,2,,,50,l2_write_gb_per_second,0.458743738542,GB/s
throughput,Conversation,pNFS,1,2,,,55,l2_read_gb_per_second,0.654888285219,GB/s
throughput,Conversation,pNFS,1,2,,,55,l2_write_gb_per_second,0.489795432994,GB/s
throughput,Conversation,pNFS,1,2,,,60,l2_read_gb_per_second,0.695454762171,GB/s
throughput,Conversation,pNFS,1,2,,,60,l2_write_gb_per_second,0.478337781639,GB/s
throughput,Conversation,pNFS,1,2,,,65,l2_read_gb_per_second,0.661176779806,GB/s
throughput,Conversation,pNFS,1,2,,,65,l2_write_gb_per_second,0.485494260569,GB/s
throughput,Conversation,pNFS,1,2,,,70,l2_read_gb_per_second,0.563017062425,GB/s
throughput,Conversation,pNFS,1,2,,,70,l2_write_gb_per_second,0.469401856592,GB/s
throughput,Conversation,pNFS,1,2,,,75,l2_read_gb_per_second,0.597712948221,GB/s
throughput,Conversation,pNFS,1,2,,,75,l2_write_gb_per_second,0.476585266071,GB/s
throughput,Conversation,pNFS,1,2,,,80,l2_read_gb_per_second,0.482317433022,GB/s
throughput,Conversation,pNFS,1,2,,,80,l2_write_gb_per_second,0.534272440103,GB/s
throughput,Conversation,pNFS,1,2,,,85,l2_read_gb_per_second,0.463393844931,GB/s
throughput,Conversation,pNFS,1,2,,,85,l2_write_gb_per_second,0.501947411119,GB/s
throughput,Conversation,pNFS,1,2,,,90,l2_read_gb_per_second,0.431478157166,GB/s
throughput,Conversation,pNFS,1,2,,,90,l2_write_gb_per_second,0.428359823739,GB/s
throughput,Conversation,pNFS,1,2,,,95,l2_read_gb_per_second,0.397758437878,GB/s
throughput,Conversation,pNFS,1,2,,,95,l2_write_gb_per_second,0.386404087898,GB/s
throughput,Conversation,pNFS,1,2,,,100,l2_read_gb_per_second,0.470722753403,GB/s
throughput,Conversation,pNFS,1,2,,,100,l2_write_gb_per_second,0.361263193558,GB/s
throughput,Conversation,pNFS,1,2,,,105,l2_read_gb_per_second,0.529606399465,GB/s
throughput,Conversation,pNFS,1,2,,,105,l2_write_gb_per_second,0.341134991908,GB/s
throughput,Conversation,pNFS,1,2,,,110,l2_read_gb_per_second,0.596404428659,GB/s
throughput,Conversation,pNFS,1,2,,,110,l2_write_gb_per_second,0.320053998442,GB/s
throughput,Conversation,pNFS,1,2,,,115,l2_read_gb_per_second,0.633060698132,GB/s
throughput,Conversation,pNFS,1,2,,,115,l2_write_gb_per_second,0.287054601489,GB/s
throughput,Conversation,pNFS,1,2,,,120,l2_read_gb_per_second,0.668544086232,GB/s
throughput,Conversation,pNFS,1,2,,,120,l2_write_gb_per_second,0.33528333999,GB/s
throughput,Conversation,pNFS,1,3,,,0,l2_read_gb_per_second,0.606484746302,GB/s
throughput,Conversation,pNFS,1,3,,,0,l2_write_gb_per_second,0.469901160522,GB/s
throughput,Conversation,pNFS,1,3,,,5,l2_read_gb_per_second,0.60257623815,GB/s
throughput,Conversation,pNFS,1,3,,,5,l2_write_gb_per_second,0.407114774973,GB/s
throughput,Conversation,pNFS,1,3,,,10,l2_read_gb_per_second,0.628762686567,GB/s
throughput,Conversation,pNFS,1,3,,,10,l2_write_gb_per_second,0.382071274803,GB/s
throughput,Conversation,pNFS,1,3,,,15,l2_read_gb_per_second,0.524170621004,GB/s
throughput,Conversation,pNFS,1,3,,,15,l2_write_gb_per_second,0.293631303754,GB/s
throughput,Conversation,pNFS,1,3,,,20,l2_read_gb_per_second,0.540759691389,GB/s
throughput,Conversation,pNFS,1,3,,,20,l2_write_gb_per_second,0.199423249066,GB/s
throughput,Conversation,pNFS,1,3,,,25,l2_read_gb_per_second,0.433885040377,GB/s
throughput,Conversation,pNFS,1,3,,,25,l2_write_gb_per_second,0.248937981747,GB/s
throughput,Conversation,pNFS,1,3,,,30,l2_read_gb_per_second,0.406866293719,GB/s
throughput,Conversation,pNFS,1,3,,,30,l2_write_gb_per_second,0.254683404738,GB/s
throughput,Conversation,pNFS,1,3,,,35,l2_read_gb_per_second,0.503933064354,GB/s
throughput,Conversation,pNFS,1,3,,,35,l2_write_gb_per_second,0.307269158492,GB/s
throughput,Conversation,pNFS,1,3,,,40,l2_read_gb_per_second,0.579264209967,GB/s
throughput,Conversation,pNFS,1,3,,,40,l2_write_gb_per_second,0.426851960726,GB/s
throughput,Conversation,pNFS,1,3,,,45,l2_read_gb_per_second,0.731076593198,GB/s
throughput,Conversation,pNFS,1,3,,,45,l2_write_gb_per_second,0.44394426955,GB/s
throughput,Conversation,pNFS,1,3,,,50,l2_read_gb_per_second,0.753619257116,GB/s
throughput,Conversation,pNFS,1,3,,,50,l2_write_gb_per_second,0.506153512076,GB/s
throughput,Conversation,pNFS,1,3,,,55,l2_read_gb_per_second,0.737699923586,GB/s
throughput,Conversation,pNFS,1,3,,,55,l2_write_gb_per_second,0.511383102554,GB/s
throughput,Conversation,pNFS,1,3,,,60,l2_read_gb_per_second,0.764648460998,GB/s
throughput,Conversation,pNFS,1,3,,,60,l2_write_gb_per_second,0.513580591272,GB/s
throughput,Conversation,pNFS,1,3,,,65,l2_read_gb_per_second,0.660584331067,GB/s
throughput,Conversation,pNFS,1,3,,,65,l2_write_gb_per_second,0.532766155903,GB/s
throughput,Conversation,pNFS,1,3,,,70,l2_read_gb_per_second,0.640238296939,GB/s
throughput,Conversation,pNFS,1,3,,,70,l2_write_gb_per_second,0.5190759062,GB/s
throughput,Conversation,pNFS,1,3,,,75,l2_read_gb_per_second,0.546177628234,GB/s
throughput,Conversation,pNFS,1,3,,,75,l2_write_gb_per_second,0.517157961931,GB/s
throughput,Conversation,pNFS,1,3,,,80,l2_read_gb_per_second,0.440222525476,GB/s
throughput,Conversation,pNFS,1,3,,,80,l2_write_gb_per_second,0.551277720578,GB/s
throughput,Conversation,pNFS,1,3,,,85,l2_read_gb_per_second,0.465637724873,GB/s
throughput,Conversation,pNFS,1,3,,,85,l2_write_gb_per_second,0.480494689175,GB/s
throughput,Conversation,pNFS,1,3,,,90,l2_read_gb_per_second,0.408875669692,GB/s
throughput,Conversation,pNFS,1,3,,,90,l2_write_gb_per_second,0.480885705984,GB/s
throughput,Conversation,pNFS,1,3,,,95,l2_read_gb_per_second,0.41189817409,GB/s
throughput,Conversation,pNFS,1,3,,,95,l2_write_gb_per_second,0.431104059436,GB/s
throughput,Conversation,pNFS,1,3,,,100,l2_read_gb_per_second,0.439212257933,GB/s
throughput,Conversation,pNFS,1,3,,,100,l2_write_gb_per_second,0.399805417756,GB/s
throughput,Conversation,pNFS,1,3,,,105,l2_read_gb_per_second,0.517950655288,GB/s
throughput,Conversation,pNFS,1,3,,,105,l2_write_gb_per_second,0.369012471249,GB/s
throughput,Conversation,pNFS,1,3,,,110,l2_read_gb_per_second,0.538805030887,GB/s
throughput,Conversation,pNFS,1,3,,,110,l2_write_gb_per_second,0.285217780861,GB/s
throughput,Conversation,pNFS,1,3,,,115,l2_read_gb_per_second,0.574616239831,GB/s
throughput,Conversation,pNFS,1,3,,,115,l2_write_gb_per_second,0.270339176053,GB/s
throughput,Conversation,pNFS,1,3,,,120,l2_read_gb_per_second,0.659597235709,GB/s
throughput,Conversation,pNFS,1,3,,,120,l2_write_gb_per_second,0.35047960631,GB/s
throughput,GAIA,3FS,1,1,,,0,l2_read_gb_per_second,0.598733593946,GB/s
throughput,GAIA,3FS,1,1,,,0,l2_write_gb_per_second,0.382582094521,GB/s
throughput,GAIA,3FS,1,1,,,5,l2_read_gb_per_second,0.566293260002,GB/s
throughput,GAIA,3FS,1,1,,,5,l2_write_gb_per_second,0.302143016756,GB/s
throughput,GAIA,3FS,1,1,,,10,l2_read_gb_per_second,0.474825065464,GB/s
throughput,GAIA,3FS,1,1,,,10,l2_write_gb_per_second,0.24263493821,GB/s
throughput,GAIA,3FS,1,1,,,15,l2_read_gb_per_second,0.466100194855,GB/s
throughput,GAIA,3FS,1,1,,,15,l2_write_gb_per_second,0.251472690299,GB/s
throughput,GAIA,3FS,1,1,,,20,l2_read_gb_per_second,0.465859972861,GB/s
throughput,GAIA,3FS,1,1,,,20,l2_write_gb_per_second,0.328044909848,GB/s
throughput,GAIA,3FS,1,1,,,25,l2_read_gb_per_second,0.464076967974,GB/s
throughput,GAIA,3FS,1,1,,,25,l2_write_gb_per_second,0.309813700293,GB/s
throughput,GAIA,3FS,1,1,,,30,l2_read_gb_per_second,0.633984933365,GB/s
throughput,GAIA,3FS,1,1,,,30,l2_write_gb_per_second,0.348368049217,GB/s
throughput,GAIA,3FS,1,1,,,35,l2_read_gb_per_second,0.69071158149,GB/s
throughput,GAIA,3FS,1,1,,,35,l2_write_gb_per_second,0.396518535467,GB/s
throughput,GAIA,3FS,1,1,,,40,l2_read_gb_per_second,0.77885061882,GB/s
throughput,GAIA,3FS,1,1,,,40,l2_write_gb_per_second,0.463132918452,GB/s
throughput,GAIA,3FS,1,1,,,45,l2_read_gb_per_second,0.691077008652,GB/s
throughput,GAIA,3FS,1,1,,,45,l2_write_gb_per_second,0.463694980051,GB/s
throughput,GAIA,3FS,1,1,,,50,l2_read_gb_per_second,0.689002658897,GB/s
throughput,GAIA,3FS,1,1,,,50,l2_write_gb_per_second,0.445019196123,GB/s
throughput,GAIA,3FS,1,1,,,55,l2_read_gb_per_second,0.68436716042,GB/s
throughput,GAIA,3FS,1,1,,,55,l2_write_gb_per_second,0.462894043983,GB/s
throughput,GAIA,3FS,1,1,,,60,l2_read_gb_per_second,0.659435370029,GB/s
throughput,GAIA,3FS,1,1,,,60,l2_write_gb_per_second,0.482237412742,GB/s
throughput,GAIA,3FS,1,1,,,65,l2_read_gb_per_second,0.503699548034,GB/s
throughput,GAIA,3FS,1,1,,,65,l2_write_gb_per_second,0.472052606138,GB/s
throughput,GAIA,3FS,1,1,,,70,l2_read_gb_per_second,0.522131135971,GB/s
throughput,GAIA,3FS,1,1,,,70,l2_write_gb_per_second,0.420673918769,GB/s
throughput,GAIA,3FS,1,1,,,75,l2_read_gb_per_second,0.415972145559,GB/s
throughput,GAIA,3FS,1,1,,,75,l2_write_gb_per_second,0.477487530939,GB/s
throughput,GAIA,3FS,1,1,,,80,l2_read_gb_per_second,0.408531803773,GB/s
throughput,GAIA,3FS,1,1,,,80,l2_write_gb_per_second,0.453035069517,GB/s
throughput,GAIA,3FS,1,1,,,85,l2_read_gb_per_second,0.366980639675,GB/s
throughput,GAIA,3FS,1,1,,,85,l2_write_gb_per_second,0.439069539159,GB/s
throughput,GAIA,3FS,1,1,,,90,l2_read_gb_per_second,0.455925659508,GB/s
throughput,GAIA,3FS,1,1,,,90,l2_write_gb_per_second,0.429045743131,GB/s
throughput,GAIA,3FS,1,1,,,95,l2_read_gb_per_second,0.52833501774,GB/s
throughput,GAIA,3FS,1,1,,,95,l2_write_gb_per_second,0.416161593284,GB/s
throughput,GAIA,3FS,1,1,,,100,l2_read_gb_per_second,0.627384849853,GB/s
throughput,GAIA,3FS,1,1,,,100,l2_write_gb_per_second,0.373107072051,GB/s
throughput,GAIA,3FS,1,1,,,105,l2_read_gb_per_second,0.64712993153,GB/s
throughput,GAIA,3FS,1,1,,,105,l2_write_gb_per_second,0.349808045069,GB/s
throughput,GAIA,3FS,1,1,,,110,l2_read_gb_per_second,0.67394569219,GB/s
throughput,GAIA,3FS,1,1,,,110,l2_write_gb_per_second,0.362960348726,GB/s
throughput,GAIA,3FS,1,1,,,115,l2_read_gb_per_second,0.628547068105,GB/s
throughput,GAIA,3FS,1,1,,,115,l2_write_gb_per_second,0.435090177549,GB/s
throughput,GAIA,3FS,1,1,,,120,l2_read_gb_per_second,0.604530102946,GB/s
throughput,GAIA,3FS,1,1,,,120,l2_write_gb_per_second,0.401130188763,GB/s
throughput,GAIA,3FS,1,2,,,0,l2_read_gb_per_second,0.574284442286,GB/s
throughput,GAIA,3FS,1,2,,,0,l2_write_gb_per_second,0.395819901998,GB/s
throughput,GAIA,3FS,1,2,,,5,l2_read_gb_per_second,0.589763150207,GB/s
throughput,GAIA,3FS,1,2,,,5,l2_write_gb_per_second,0.3468584347,GB/s
throughput,GAIA,3FS,1,2,,,10,l2_read_gb_per_second,0.571317336988,GB/s
throughput,GAIA,3FS,1,2,,,10,l2_write_gb_per_second,0.273368195244,GB/s
throughput,GAIA,3FS,1,2,,,15,l2_read_gb_per_second,0.423482086152,GB/s
throughput,GAIA,3FS,1,2,,,15,l2_write_gb_per_second,0.239158251244,GB/s
throughput,GAIA,3FS,1,2,,,20,l2_read_gb_per_second,0.455009802711,GB/s
throughput,GAIA,3FS,1,2,,,20,l2_write_gb_per_second,0.239500488541,GB/s
throughput,GAIA,3FS,1,2,,,25,l2_read_gb_per_second,0.570893838598,GB/s
throughput,GAIA,3FS,1,2,,,25,l2_write_gb_per_second,0.355376145668,GB/s
throughput,GAIA,3FS,1,2,,,30,l2_read_gb_per_second,0.630158057263,GB/s
throughput,GAIA,3FS,1,2,,,30,l2_write_gb_per_second,0.407677347931,GB/s
throughput,GAIA,3FS,1,2,,,35,l2_read_gb_per_second,0.713536278315,GB/s
throughput,GAIA,3FS,1,2,,,35,l2_write_gb_per_second,0.411748072112,GB/s
throughput,GAIA,3FS,1,2,,,40,l2_read_gb_per_second,0.748130634554,GB/s
throughput,GAIA,3FS,1,2,,,40,l2_write_gb_per_second,0.47579084425,GB/s
throughput,GAIA,3FS,1,2,,,45,l2_read_gb_per_second,0.758411400607,GB/s
throughput,GAIA,3FS,1,2,,,45,l2_write_gb_per_second,0.463101263836,GB/s
throughput,GAIA,3FS,1,2,,,50,l2_read_gb_per_second,0.642030575877,GB/s
throughput,GAIA,3FS,1,2,,,50,l2_write_gb_per_second,0.492173176784,GB/s
throughput,GAIA,3FS,1,2,,,55,l2_read_gb_per_second,0.71107510078,GB/s
throughput,GAIA,3FS,1,2,,,55,l2_write_gb_per_second,0.441351986021,GB/s
throughput,GAIA,3FS,1,2,,,60,l2_read_gb_per_second,0.611273757756,GB/s
throughput,GAIA,3FS,1,2,,,60,l2_write_gb_per_second,0.526992078888,GB/s
throughput,GAIA,3FS,1,2,,,65,l2_read_gb_per_second,0.550350125622,GB/s
throughput,GAIA,3FS,1,2,,,65,l2_write_gb_per_second,0.497907224221,GB/s
throughput,GAIA,3FS,1,2,,,70,l2_read_gb_per_second,0.440609002983,GB/s
throughput,GAIA,3FS,1,2,,,70,l2_write_gb_per_second,0.514795739568,GB/s
throughput,GAIA,3FS,1,2,,,75,l2_read_gb_per_second,0.36814635033,GB/s
throughput,GAIA,3FS,1,2,,,75,l2_write_gb_per_second,0.536720061026,GB/s
throughput,GAIA,3FS,1,2,,,80,l2_read_gb_per_second,0.423836091972,GB/s
throughput,GAIA,3FS,1,2,,,80,l2_write_gb_per_second,0.517050070801,GB/s
throughput,GAIA,3FS,1,2,,,85,l2_read_gb_per_second,0.490853296809,GB/s
throughput,GAIA,3FS,1,2,,,85,l2_write_gb_per_second,0.401865862996,GB/s
throughput,GAIA,3FS,1,2,,,90,l2_read_gb_per_second,0.490340014916,GB/s
throughput,GAIA,3FS,1,2,,,90,l2_write_gb_per_second,0.434000273774,GB/s
throughput,GAIA,3FS,1,2,,,95,l2_read_gb_per_second,0.541622293052,GB/s
throughput,GAIA,3FS,1,2,,,95,l2_write_gb_per_second,0.421266106086,GB/s
throughput,GAIA,3FS,1,2,,,100,l2_read_gb_per_second,0.593916389832,GB/s
throughput,GAIA,3FS,1,2,,,100,l2_write_gb_per_second,0.394213229246,GB/s
throughput,GAIA,3FS,1,2,,,105,l2_read_gb_per_second,0.639620742128,GB/s
throughput,GAIA,3FS,1,2,,,105,l2_write_gb_per_second,0.38933355644,GB/s
throughput,GAIA,3FS,1,2,,,110,l2_read_gb_per_second,0.669601511225,GB/s
throughput,GAIA,3FS,1,2,,,110,l2_write_gb_per_second,0.359085518177,GB/s
throughput,GAIA,3FS,1,2,,,115,l2_read_gb_per_second,0.661433234255,GB/s
throughput,GAIA,3FS,1,2,,,115,l2_write_gb_per_second,0.434782687088,GB/s
throughput,GAIA,3FS,1,2,,,120,l2_read_gb_per_second,0.636330687926,GB/s
throughput,GAIA,3FS,1,2,,,120,l2_write_gb_per_second,0.405007431932,GB/s
throughput,GAIA,3FS,1,3,,,0,l2_read_gb_per_second,0.571632109167,GB/s
throughput,GAIA,3FS,1,3,,,0,l2_write_gb_per_second,0.420371209502,GB/s
throughput,GAIA,3FS,1,3,,,5,l2_read_gb_per_second,0.573551598863,GB/s
throughput,GAIA,3FS,1,3,,,5,l2_write_gb_per_second,0.384323354251,GB/s
throughput,GAIA,3FS,1,3,,,10,l2_read_gb_per_second,0.492368311567,GB/s
throughput,GAIA,3FS,1,3,,,10,l2_write_gb_per_second,0.257117990857,GB/s
throughput,GAIA,3FS,1,3,,,15,l2_read_gb_per_second,0.450202592659,GB/s
throughput,GAIA,3FS,1,3,,,15,l2_write_gb_per_second,0.228776396793,GB/s
throughput,GAIA,3FS,1,3,,,20,l2_read_gb_per_second,0.410823788597,GB/s
throughput,GAIA,3FS,1,3,,,20,l2_write_gb_per_second,0.244596110016,GB/s
throughput,GAIA,3FS,1,3,,,25,l2_read_gb_per_second,0.470258259866,GB/s
throughput,GAIA,3FS,1,3,,,25,l2_write_gb_per_second,0.274226186265,GB/s
throughput,GAIA,3FS,1,3,,,30,l2_read_gb_per_second,0.626486357541,GB/s
throughput,GAIA,3FS,1,3,,,30,l2_write_gb_per_second,0.409460247658,GB/s
throughput,GAIA,3FS,1,3,,,35,l2_read_gb_per_second,0.730582176223,GB/s
throughput,GAIA,3FS,1,3,,,35,l2_write_gb_per_second,0.42762504841,GB/s
throughput,GAIA,3FS,1,3,,,40,l2_read_gb_per_second,0.793827820572,GB/s
throughput,GAIA,3FS,1,3,,,40,l2_write_gb_per_second,0.468359764243,GB/s
throughput,GAIA,3FS,1,3,,,45,l2_read_gb_per_second,0.795297538272,GB/s
throughput,GAIA,3FS,1,3,,,45,l2_write_gb_per_second,0.52898607629,GB/s
throughput,GAIA,3FS,1,3,,,50,l2_read_gb_per_second,0.740524352406,GB/s
throughput,GAIA,3FS,1,3,,,50,l2_write_gb_per_second,0.492489063755,GB/s
throughput,GAIA,3FS,1,3,,,55,l2_read_gb_per_second,0.716811056986,GB/s
throughput,GAIA,3FS,1,3,,,55,l2_write_gb_per_second,0.505616441677,GB/s
throughput,GAIA,3FS,1,3,,,60,l2_read_gb_per_second,0.644555381237,GB/s
throughput,GAIA,3FS,1,3,,,60,l2_write_gb_per_second,0.462952521571,GB/s
throughput,GAIA,3FS,1,3,,,65,l2_read_gb_per_second,0.590376360667,GB/s
throughput,GAIA,3FS,1,3,,,65,l2_write_gb_per_second,0.486762279924,GB/s
throughput,GAIA,3FS,1,3,,,70,l2_read_gb_per_second,0.467436594425,GB/s
throughput,GAIA,3FS,1,3,,,70,l2_write_gb_per_second,0.495522466955,GB/s
throughput,GAIA,3FS,1,3,,,75,l2_read_gb_per_second,0.427912451205,GB/s
throughput,GAIA,3FS,1,3,,,75,l2_write_gb_per_second,0.531461979567,GB/s
throughput,GAIA,3FS,1,3,,,80,l2_read_gb_per_second,0.341204552605,GB/s
throughput,GAIA,3FS,1,3,,,80,l2_write_gb_per_second,0.495962942706,GB/s
throughput,GAIA,3FS,1,3,,,85,l2_read_gb_per_second,0.434157431225,GB/s
throughput,GAIA,3FS,1,3,,,85,l2_write_gb_per_second,0.439288787534,GB/s
throughput,GAIA,3FS,1,3,,,90,l2_read_gb_per_second,0.491483028319,GB/s
throughput,GAIA,3FS,1,3,,,90,l2_write_gb_per_second,0.450004771765,GB/s
throughput,GAIA,3FS,1,3,,,95,l2_read_gb_per_second,0.540837568148,GB/s
throughput,GAIA,3FS,1,3,,,95,l2_write_gb_per_second,0.411038854219,GB/s
throughput,GAIA,3FS,1,3,,,100,l2_read_gb_per_second,0.64757249,GB/s
throughput,GAIA,3FS,1,3,,,100,l2_write_gb_per_second,0.409893600917,GB/s
throughput,GAIA,3FS,1,3,,,105,l2_read_gb_per_second,0.71571217953,GB/s
throughput,GAIA,3FS,1,3,,,105,l2_write_gb_per_second,0.35473110289,GB/s
throughput,GAIA,3FS,1,3,,,110,l2_read_gb_per_second,0.679536109675,GB/s
throughput,GAIA,3FS,1,3,,,110,l2_write_gb_per_second,0.394763159622,GB/s
throughput,GAIA,3FS,1,3,,,115,l2_read_gb_per_second,0.676357092204,GB/s
throughput,GAIA,3FS,1,3,,,115,l2_write_gb_per_second,0.396310540122,GB/s
throughput,GAIA,3FS,1,3,,,120,l2_read_gb_per_second,0.597442384002,GB/s
throughput,GAIA,3FS,1,3,,,120,l2_write_gb_per_second,0.448727712798,GB/s
throughput,GAIA,fs-native,1,1,,,0,l2_read_gb_per_second,0.435916351162,GB/s
throughput,GAIA,fs-native,1,1,,,0,l2_write_gb_per_second,0.277812971272,GB/s
throughput,GAIA,fs-native,1,1,,,5,l2_read_gb_per_second,0.404015498671,GB/s
throughput,GAIA,fs-native,1,1,,,5,l2_write_gb_per_second,0.24560150438,GB/s
throughput,GAIA,fs-native,1,1,,,10,l2_read_gb_per_second,0.371698210397,GB/s
throughput,GAIA,fs-native,1,1,,,10,l2_write_gb_per_second,0.194279613781,GB/s
throughput,GAIA,fs-native,1,1,,,15,l2_read_gb_per_second,0.307022230127,GB/s
throughput,GAIA,fs-native,1,1,,,15,l2_write_gb_per_second,0.187368088439,GB/s
throughput,GAIA,fs-native,1,1,,,20,l2_read_gb_per_second,0.322023384377,GB/s
throughput,GAIA,fs-native,1,1,,,20,l2_write_gb_per_second,0.168218029423,GB/s
throughput,GAIA,fs-native,1,1,,,25,l2_read_gb_per_second,0.352404581613,GB/s
throughput,GAIA,fs-native,1,1,,,25,l2_write_gb_per_second,0.196304865114,GB/s
throughput,GAIA,fs-native,1,1,,,30,l2_read_gb_per_second,0.407649093975,GB/s
throughput,GAIA,fs-native,1,1,,,30,l2_write_gb_per_second,0.251815369214,GB/s
throughput,GAIA,fs-native,1,1,,,35,l2_read_gb_per_second,0.447338546357,GB/s
throughput,GAIA,fs-native,1,1,,,35,l2_write_gb_per_second,0.335725451049,GB/s
throughput,GAIA,fs-native,1,1,,,40,l2_read_gb_per_second,0.487186267368,GB/s
throughput,GAIA,fs-native,1,1,,,40,l2_write_gb_per_second,0.322856115468,GB/s
throughput,GAIA,fs-native,1,1,,,45,l2_read_gb_per_second,0.465046554647,GB/s
throughput,GAIA,fs-native,1,1,,,45,l2_write_gb_per_second,0.317868145883,GB/s
throughput,GAIA,fs-native,1,1,,,50,l2_read_gb_per_second,0.534223729191,GB/s
throughput,GAIA,fs-native,1,1,,,50,l2_write_gb_per_second,0.29599854061,GB/s
throughput,GAIA,fs-native,1,1,,,55,l2_read_gb_per_second,0.469246866743,GB/s
throughput,GAIA,fs-native,1,1,,,55,l2_write_gb_per_second,0.320211693865,GB/s
throughput,GAIA,fs-native,1,1,,,60,l2_read_gb_per_second,0.429749931492,GB/s
throughput,GAIA,fs-native,1,1,,,60,l2_write_gb_per_second,0.339060516846,GB/s
throughput,GAIA,fs-native,1,1,,,65,l2_read_gb_per_second,0.360903620604,GB/s
throughput,GAIA,fs-native,1,1,,,65,l2_write_gb_per_second,0.32128641727,GB/s
throughput,GAIA,fs-native,1,1,,,70,l2_read_gb_per_second,0.310701317456,GB/s
throughput,GAIA,fs-native,1,1,,,70,l2_write_gb_per_second,0.315016652121,GB/s
throughput,GAIA,fs-native,1,1,,,75,l2_read_gb_per_second,0.280794202506,GB/s
throughput,GAIA,fs-native,1,1,,,75,l2_write_gb_per_second,0.292908689179,GB/s
throughput,GAIA,fs-native,1,1,,,80,l2_read_gb_per_second,0.27893954365,GB/s
throughput,GAIA,fs-native,1,1,,,80,l2_write_gb_per_second,0.299376132108,GB/s
throughput,GAIA,fs-native,1,1,,,85,l2_read_gb_per_second,0.289279046696,GB/s
throughput,GAIA,fs-native,1,1,,,85,l2_write_gb_per_second,0.293270937178,GB/s
throughput,GAIA,fs-native,1,1,,,90,l2_read_gb_per_second,0.288164477348,GB/s
throughput,GAIA,fs-native,1,1,,,90,l2_write_gb_per_second,0.285555094101,GB/s
throughput,GAIA,fs-native,1,1,,,95,l2_read_gb_per_second,0.337550530648,GB/s
throughput,GAIA,fs-native,1,1,,,95,l2_write_gb_per_second,0.25809134754,GB/s
throughput,GAIA,fs-native,1,1,,,100,l2_read_gb_per_second,0.394522906847,GB/s
throughput,GAIA,fs-native,1,1,,,100,l2_write_gb_per_second,0.23449486244,GB/s
throughput,GAIA,fs-native,1,1,,,105,l2_read_gb_per_second,0.433060799377,GB/s
throughput,GAIA,fs-native,1,1,,,105,l2_write_gb_per_second,0.245153684555,GB/s
throughput,GAIA,fs-native,1,1,,,110,l2_read_gb_per_second,0.460973466591,GB/s
throughput,GAIA,fs-native,1,1,,,110,l2_write_gb_per_second,0.281772208982,GB/s
throughput,GAIA,fs-native,1,1,,,115,l2_read_gb_per_second,0.41741465604,GB/s
throughput,GAIA,fs-native,1,1,,,115,l2_write_gb_per_second,0.269817572683,GB/s
throughput,GAIA,fs-native,1,1,,,120,l2_read_gb_per_second,0.368595981365,GB/s
throughput,GAIA,fs-native,1,1,,,120,l2_write_gb_per_second,0.269698200197,GB/s
throughput,GAIA,fs-native,1,2,,,0,l2_read_gb_per_second,0.458057303225,GB/s
throughput,GAIA,fs-native,1,2,,,0,l2_write_gb_per_second,0.300157731804,GB/s
throughput,GAIA,fs-native,1,2,,,5,l2_read_gb_per_second,0.380736153825,GB/s
throughput,GAIA,fs-native,1,2,,,5,l2_write_gb_per_second,0.258039385643,GB/s
throughput,GAIA,fs-native,1,2,,,10,l2_read_gb_per_second,0.328595035606,GB/s
throughput,GAIA,fs-native,1,2,,,10,l2_write_gb_per_second,0.192512419242,GB/s
throughput,GAIA,fs-native,1,2,,,15,l2_read_gb_per_second,0.311099002925,GB/s
throughput,GAIA,fs-native,1,2,,,15,l2_write_gb_per_second,0.177493195969,GB/s
throughput,GAIA,fs-native,1,2,,,20,l2_read_gb_per_second,0.305075295864,GB/s
throughput,GAIA,fs-native,1,2,,,20,l2_write_gb_per_second,0.201234369739,GB/s
throughput,GAIA,fs-native,1,2,,,25,l2_read_gb_per_second,0.357335439786,GB/s
throughput,GAIA,fs-native,1,2,,,25,l2_write_gb_per_second,0.249147637229,GB/s
throughput,GAIA,fs-native,1,2,,,30,l2_read_gb_per_second,0.433012122679,GB/s
throughput,GAIA,fs-native,1,2,,,30,l2_write_gb_per_second,0.292125053728,GB/s
throughput,GAIA,fs-native,1,2,,,35,l2_read_gb_per_second,0.541753328757,GB/s
throughput,GAIA,fs-native,1,2,,,35,l2_write_gb_per_second,0.304234173627,GB/s
throughput,GAIA,fs-native,1,2,,,40,l2_read_gb_per_second,0.502572024137,GB/s
throughput,GAIA,fs-native,1,2,,,40,l2_write_gb_per_second,0.281461166979,GB/s
throughput,GAIA,fs-native,1,2,,,45,l2_read_gb_per_second,0.501387611599,GB/s
throughput,GAIA,fs-native,1,2,,,45,l2_write_gb_per_second,0.325813215673,GB/s
throughput,GAIA,fs-native,1,2,,,50,l2_read_gb_per_second,0.513851579189,GB/s
throughput,GAIA,fs-native,1,2,,,50,l2_write_gb_per_second,0.343096711589,GB/s
throughput,GAIA,fs-native,1,2,,,55,l2_read_gb_per_second,0.444524233893,GB/s
throughput,GAIA,fs-native,1,2,,,55,l2_write_gb_per_second,0.351208151757,GB/s
throughput,GAIA,fs-native,1,2,,,60,l2_read_gb_per_second,0.420394645129,GB/s
throughput,GAIA,fs-native,1,2,,,60,l2_write_gb_per_second,0.342442940549,GB/s
throughput,GAIA,fs-native,1,2,,,65,l2_read_gb_per_second,0.383406380281,GB/s
throughput,GAIA,fs-native,1,2,,,65,l2_write_gb_per_second,0.36284950404,GB/s
throughput,GAIA,fs-native,1,2,,,70,l2_read_gb_per_second,0.318238485409,GB/s
throughput,GAIA,fs-native,1,2,,,70,l2_write_gb_per_second,0.359879631695,GB/s
throughput,GAIA,fs-native,1,2,,,75,l2_read_gb_per_second,0.295064217677,GB/s
throughput,GAIA,fs-native,1,2,,,75,l2_write_gb_per_second,0.3184566505,GB/s
throughput,GAIA,fs-native,1,2,,,80,l2_read_gb_per_second,0.296831411423,GB/s
throughput,GAIA,fs-native,1,2,,,80,l2_write_gb_per_second,0.334136609996,GB/s
throughput,GAIA,fs-native,1,2,,,85,l2_read_gb_per_second,0.292430364786,GB/s
throughput,GAIA,fs-native,1,2,,,85,l2_write_gb_per_second,0.330429172204,GB/s
throughput,GAIA,fs-native,1,2,,,90,l2_read_gb_per_second,0.347756848941,GB/s
throughput,GAIA,fs-native,1,2,,,90,l2_write_gb_per_second,0.297310272885,GB/s
throughput,GAIA,fs-native,1,2,,,95,l2_read_gb_per_second,0.372552619258,GB/s
throughput,GAIA,fs-native,1,2,,,95,l2_write_gb_per_second,0.300769707569,GB/s
throughput,GAIA,fs-native,1,2,,,100,l2_read_gb_per_second,0.449102611157,GB/s
throughput,GAIA,fs-native,1,2,,,100,l2_write_gb_per_second,0.262892268816,GB/s
throughput,GAIA,fs-native,1,2,,,105,l2_read_gb_per_second,0.488867668642,GB/s
throughput,GAIA,fs-native,1,2,,,105,l2_write_gb_per_second,0.278204733679,GB/s
throughput,GAIA,fs-native,1,2,,,110,l2_read_gb_per_second,0.462334712848,GB/s
throughput,GAIA,fs-native,1,2,,,110,l2_write_gb_per_second,0.261223251379,GB/s
throughput,GAIA,fs-native,1,2,,,115,l2_read_gb_per_second,0.464424656503,GB/s
throughput,GAIA,fs-native,1,2,,,115,l2_write_gb_per_second,0.278972827968,GB/s
throughput,GAIA,fs-native,1,2,,,120,l2_read_gb_per_second,0.420125894399,GB/s
throughput,GAIA,fs-native,1,2,,,120,l2_write_gb_per_second,0.318884666545,GB/s
throughput,GAIA,fs-native,1,3,,,0,l2_read_gb_per_second,0.4426212926,GB/s
throughput,GAIA,fs-native,1,3,,,0,l2_write_gb_per_second,0.273930342615,GB/s
throughput,GAIA,fs-native,1,3,,,5,l2_read_gb_per_second,0.404128987926,GB/s
throughput,GAIA,fs-native,1,3,,,5,l2_write_gb_per_second,0.244257583927,GB/s
throughput,GAIA,fs-native,1,3,,,10,l2_read_gb_per_second,0.3838780755,GB/s
throughput,GAIA,fs-native,1,3,,,10,l2_write_gb_per_second,0.199389666626,GB/s
throughput,GAIA,fs-native,1,3,,,15,l2_read_gb_per_second,0.296574267172,GB/s
throughput,GAIA,fs-native,1,3,,,15,l2_write_gb_per_second,0.1760805207,GB/s
throughput,GAIA,fs-native,1,3,,,20,l2_read_gb_per_second,0.312527131167,GB/s
throughput,GAIA,fs-native,1,3,,,20,l2_write_gb_per_second,0.220030894394,GB/s
throughput,GAIA,fs-native,1,3,,,25,l2_read_gb_per_second,0.370824894604,GB/s
throughput,GAIA,fs-native,1,3,,,25,l2_write_gb_per_second,0.234740016439,GB/s
throughput,GAIA,fs-native,1,3,,,30,l2_read_gb_per_second,0.421376310837,GB/s
throughput,GAIA,fs-native,1,3,,,30,l2_write_gb_per_second,0.263081220137,GB/s
throughput,GAIA,fs-native,1,3,,,35,l2_read_gb_per_second,0.54309209312,GB/s
throughput,GAIA,fs-native,1,3,,,35,l2_write_gb_per_second,0.28786455009,GB/s
throughput,GAIA,fs-native,1,3,,,40,l2_read_gb_per_second,0.525384723945,GB/s
throughput,GAIA,fs-native,1,3,,,40,l2_write_gb_per_second,0.31747781173,GB/s
throughput,GAIA,fs-native,1,3,,,45,l2_read_gb_per_second,0.514505617694,GB/s
throughput,GAIA,fs-native,1,3,,,45,l2_write_gb_per_second,0.332422398061,GB/s
throughput,GAIA,fs-native,1,3,,,50,l2_read_gb_per_second,0.513700820562,GB/s
throughput,GAIA,fs-native,1,3,,,50,l2_write_gb_per_second,0.307711170319,GB/s
throughput,GAIA,fs-native,1,3,,,55,l2_read_gb_per_second,0.498475819176,GB/s
throughput,GAIA,fs-native,1,3,,,55,l2_write_gb_per_second,0.325674084904,GB/s
throughput,GAIA,fs-native,1,3,,,60,l2_read_gb_per_second,0.485032974478,GB/s
throughput,GAIA,fs-native,1,3,,,60,l2_write_gb_per_second,0.361085281669,GB/s
throughput,GAIA,fs-native,1,3,,,65,l2_read_gb_per_second,0.387131414837,GB/s
throughput,GAIA,fs-native,1,3,,,65,l2_write_gb_per_second,0.342179187196,GB/s
throughput,GAIA,fs-native,1,3,,,70,l2_read_gb_per_second,0.337840789182,GB/s
throughput,GAIA,fs-native,1,3,,,70,l2_write_gb_per_second,0.336363195061,GB/s
throughput,GAIA,fs-native,1,3,,,75,l2_read_gb_per_second,0.266433802325,GB/s
throughput,GAIA,fs-native,1,3,,,75,l2_write_gb_per_second,0.296911830516,GB/s
throughput,GAIA,fs-native,1,3,,,80,l2_read_gb_per_second,0.266459842485,GB/s
throughput,GAIA,fs-native,1,3,,,80,l2_write_gb_per_second,0.315495364674,GB/s
throughput,GAIA,fs-native,1,3,,,85,l2_read_gb_per_second,0.266085211415,GB/s
throughput,GAIA,fs-native,1,3,,,85,l2_write_gb_per_second,0.346859043227,GB/s
throughput,GAIA,fs-native,1,3,,,90,l2_read_gb_per_second,0.334719098901,GB/s
throughput,GAIA,fs-native,1,3,,,90,l2_write_gb_per_second,0.297394669313,GB/s
throughput,GAIA,fs-native,1,3,,,95,l2_read_gb_per_second,0.363664401758,GB/s
throughput,GAIA,fs-native,1,3,,,95,l2_write_gb_per_second,0.274713685113,GB/s
throughput,GAIA,fs-native,1,3,,,100,l2_read_gb_per_second,0.475149219813,GB/s
throughput,GAIA,fs-native,1,3,,,100,l2_write_gb_per_second,0.274212209988,GB/s
throughput,GAIA,fs-native,1,3,,,105,l2_read_gb_per_second,0.455874487818,GB/s
throughput,GAIA,fs-native,1,3,,,105,l2_write_gb_per_second,0.267987127723,GB/s
throughput,GAIA,fs-native,1,3,,,110,l2_read_gb_per_second,0.495532916074,GB/s
throughput,GAIA,fs-native,1,3,,,110,l2_write_gb_per_second,0.26945913603,GB/s
throughput,GAIA,fs-native,1,3,,,115,l2_read_gb_per_second,0.409298138939,GB/s
throughput,GAIA,fs-native,1,3,,,115,l2_write_gb_per_second,0.307869620314,GB/s
throughput,GAIA,fs-native,1,3,,,120,l2_read_gb_per_second,0.432229862844,GB/s
throughput,GAIA,fs-native,1,3,,,120,l2_write_gb_per_second,0.315175404395,GB/s
throughput,GAIA,pNFS,1,1,,,0,l2_read_gb_per_second,0.550734817804,GB/s
throughput,GAIA,pNFS,1,1,,,0,l2_write_gb_per_second,0.307805156991,GB/s
throughput,GAIA,pNFS,1,1,,,5,l2_read_gb_per_second,0.475338538803,GB/s
throughput,GAIA,pNFS,1,1,,,5,l2_write_gb_per_second,0.283342790957,GB/s
throughput,GAIA,pNFS,1,1,,,10,l2_read_gb_per_second,0.398748914048,GB/s
throughput,GAIA,pNFS,1,1,,,10,l2_write_gb_per_second,0.265112692428,GB/s
throughput,GAIA,pNFS,1,1,,,15,l2_read_gb_per_second,0.356547236694,GB/s
throughput,GAIA,pNFS,1,1,,,15,l2_write_gb_per_second,0.215245287233,GB/s
throughput,GAIA,pNFS,1,1,,,20,l2_read_gb_per_second,0.347192723243,GB/s
throughput,GAIA,pNFS,1,1,,,20,l2_write_gb_per_second,0.244993830169,GB/s
throughput,GAIA,pNFS,1,1,,,25,l2_read_gb_per_second,0.417686418111,GB/s
throughput,GAIA,pNFS,1,1,,,25,l2_write_gb_per_second,0.230673993746,GB/s
throughput,GAIA,pNFS,1,1,,,30,l2_read_gb_per_second,0.492176882735,GB/s
throughput,GAIA,pNFS,1,1,,,30,l2_write_gb_per_second,0.291590146589,GB/s
throughput,GAIA,pNFS,1,1,,,35,l2_read_gb_per_second,0.615509608176,GB/s
throughput,GAIA,pNFS,1,1,,,35,l2_write_gb_per_second,0.390284992578,GB/s
throughput,GAIA,pNFS,1,1,,,40,l2_read_gb_per_second,0.570793934142,GB/s
throughput,GAIA,pNFS,1,1,,,40,l2_write_gb_per_second,0.387609648282,GB/s
throughput,GAIA,pNFS,1,1,,,45,l2_read_gb_per_second,0.59643020039,GB/s
throughput,GAIA,pNFS,1,1,,,45,l2_write_gb_per_second,0.319247523524,GB/s
throughput,GAIA,pNFS,1,1,,,50,l2_read_gb_per_second,0.579904644171,GB/s
throughput,GAIA,pNFS,1,1,,,50,l2_write_gb_per_second,0.367041580266,GB/s
throughput,GAIA,pNFS,1,1,,,55,l2_read_gb_per_second,0.558507162364,GB/s
throughput,GAIA,pNFS,1,1,,,55,l2_write_gb_per_second,0.400326931473,GB/s
throughput,GAIA,pNFS,1,1,,,60,l2_read_gb_per_second,0.473065353397,GB/s
throughput,GAIA,pNFS,1,1,,,60,l2_write_gb_per_second,0.399083065026,GB/s
throughput,GAIA,pNFS,1,1,,,65,l2_read_gb_per_second,0.383192421877,GB/s
throughput,GAIA,pNFS,1,1,,,65,l2_write_gb_per_second,0.42636819997,GB/s
throughput,GAIA,pNFS,1,1,,,70,l2_read_gb_per_second,0.400078004754,GB/s
throughput,GAIA,pNFS,1,1,,,70,l2_write_gb_per_second,0.372264456987,GB/s
throughput,GAIA,pNFS,1,1,,,75,l2_read_gb_per_second,0.359750138196,GB/s
throughput,GAIA,pNFS,1,1,,,75,l2_write_gb_per_second,0.408775303124,GB/s
throughput,GAIA,pNFS,1,1,,,80,l2_read_gb_per_second,0.326194667565,GB/s
throughput,GAIA,pNFS,1,1,,,80,l2_write_gb_per_second,0.391798316462,GB/s
throughput,GAIA,pNFS,1,1,,,85,l2_read_gb_per_second,0.33965374302,GB/s
throughput,GAIA,pNFS,1,1,,,85,l2_write_gb_per_second,0.36331136296,GB/s
throughput,GAIA,pNFS,1,1,,,90,l2_read_gb_per_second,0.383285984308,GB/s
throughput,GAIA,pNFS,1,1,,,90,l2_write_gb_per_second,0.333260158813,GB/s
throughput,GAIA,pNFS,1,1,,,95,l2_read_gb_per_second,0.433129262635,GB/s
throughput,GAIA,pNFS,1,1,,,95,l2_write_gb_per_second,0.332054312843,GB/s
throughput,GAIA,pNFS,1,1,,,100,l2_read_gb_per_second,0.549998469708,GB/s
throughput,GAIA,pNFS,1,1,,,100,l2_write_gb_per_second,0.32528319327,GB/s
throughput,GAIA,pNFS,1,1,,,105,l2_read_gb_per_second,0.535330894661,GB/s
throughput,GAIA,pNFS,1,1,,,105,l2_write_gb_per_second,0.317768062028,GB/s
throughput,GAIA,pNFS,1,1,,,110,l2_read_gb_per_second,0.59068225874,GB/s
throughput,GAIA,pNFS,1,1,,,110,l2_write_gb_per_second,0.302695317101,GB/s
throughput,GAIA,pNFS,1,1,,,115,l2_read_gb_per_second,0.55384279592,GB/s
throughput,GAIA,pNFS,1,1,,,115,l2_write_gb_per_second,0.354937262981,GB/s
throughput,GAIA,pNFS,1,1,,,120,l2_read_gb_per_second,0.463551565462,GB/s
throughput,GAIA,pNFS,1,1,,,120,l2_write_gb_per_second,0.341492489444,GB/s
throughput,GAIA,pNFS,1,2,,,0,l2_read_gb_per_second,0.566626910002,GB/s
throughput,GAIA,pNFS,1,2,,,0,l2_write_gb_per_second,0.352188146967,GB/s
throughput,GAIA,pNFS,1,2,,,5,l2_read_gb_per_second,0.512386585736,GB/s
throughput,GAIA,pNFS,1,2,,,5,l2_write_gb_per_second,0.261908850777,GB/s
throughput,GAIA,pNFS,1,2,,,10,l2_read_gb_per_second,0.422389705979,GB/s
throughput,GAIA,pNFS,1,2,,,10,l2_write_gb_per_second,0.26298177544,GB/s
throughput,GAIA,pNFS,1,2,,,15,l2_read_gb_per_second,0.384601087974,GB/s
throughput,GAIA,pNFS,1,2,,,15,l2_write_gb_per_second,0.258068911601,GB/s
throughput,GAIA,pNFS,1,2,,,20,l2_read_gb_per_second,0.383565036603,GB/s
throughput,GAIA,pNFS,1,2,,,20,l2_write_gb_per_second,0.232480455755,GB/s
throughput,GAIA,pNFS,1,2,,,25,l2_read_gb_per_second,0.467139757008,GB/s
throughput,GAIA,pNFS,1,2,,,25,l2_write_gb_per_second,0.245422608111,GB/s
throughput,GAIA,pNFS,1,2,,,30,l2_read_gb_per_second,0.520640106718,GB/s
throughput,GAIA,pNFS,1,2,,,30,l2_write_gb_per_second,0.347847718089,GB/s
throughput,GAIA,pNFS,1,2,,,35,l2_read_gb_per_second,0.624702936267,GB/s
throughput,GAIA,pNFS,1,2,,,35,l2_write_gb_per_second,0.381635554361,GB/s
throughput,GAIA,pNFS,1,2,,,40,l2_read_gb_per_second,0.640062937511,GB/s
throughput,GAIA,pNFS,1,2,,,40,l2_write_gb_per_second,0.401003894974,GB/s
throughput,GAIA,pNFS,1,2,,,45,l2_read_gb_per_second,0.622719730816,GB/s
throughput,GAIA,pNFS,1,2,,,45,l2_write_gb_per_second,0.373830605891,GB/s
throughput,GAIA,pNFS,1,2,,,50,l2_read_gb_per_second,0.623004692392,GB/s
throughput,GAIA,pNFS,1,2,,,50,l2_write_gb_per_second,0.400891827106,GB/s
throughput,GAIA,pNFS,1,2,,,55,l2_read_gb_per_second,0.570867242886,GB/s
throughput,GAIA,pNFS,1,2,,,55,l2_write_gb_per_second,0.393216970146,GB/s
throughput,GAIA,pNFS,1,2,,,60,l2_read_gb_per_second,0.556515298568,GB/s
throughput,GAIA,pNFS,1,2,,,60,l2_write_gb_per_second,0.385442615555,GB/s
throughput,GAIA,pNFS,1,2,,,65,l2_read_gb_per_second,0.46960484977,GB/s
throughput,GAIA,pNFS,1,2,,,65,l2_write_gb_per_second,0.435578032233,GB/s
throughput,GAIA,pNFS,1,2,,,70,l2_read_gb_per_second,0.407472477023,GB/s
throughput,GAIA,pNFS,1,2,,,70,l2_write_gb_per_second,0.428690945992,GB/s
throughput,GAIA,pNFS,1,2,,,75,l2_read_gb_per_second,0.331711206443,GB/s
throughput,GAIA,pNFS,1,2,,,75,l2_write_gb_per_second,0.424232140566,GB/s
throughput,GAIA,pNFS,1,2,,,80,l2_read_gb_per_second,0.331819131541,GB/s
throughput,GAIA,pNFS,1,2,,,80,l2_write_gb_per_second,0.407274805432,GB/s
throughput,GAIA,pNFS,1,2,,,85,l2_read_gb_per_second,0.346428180596,GB/s
throughput,GAIA,pNFS,1,2,,,85,l2_write_gb_per_second,0.404552729203,GB/s
throughput,GAIA,pNFS,1,2,,,90,l2_read_gb_per_second,0.35585201544,GB/s
throughput,GAIA,pNFS,1,2,,,90,l2_write_gb_per_second,0.375610410884,GB/s
throughput,GAIA,pNFS,1,2,,,95,l2_read_gb_per_second,0.433032630958,GB/s
throughput,GAIA,pNFS,1,2,,,95,l2_write_gb_per_second,0.370096133397,GB/s
throughput,GAIA,pNFS,1,2,,,100,l2_read_gb_per_second,0.473332021041,GB/s
throughput,GAIA,pNFS,1,2,,,100,l2_write_gb_per_second,0.320129578153,GB/s
throughput,GAIA,pNFS,1,2,,,105,l2_read_gb_per_second,0.598523144908,GB/s
throughput,GAIA,pNFS,1,2,,,105,l2_write_gb_per_second,0.32352790417,GB/s
throughput,GAIA,pNFS,1,2,,,110,l2_read_gb_per_second,0.562104863047,GB/s
throughput,GAIA,pNFS,1,2,,,110,l2_write_gb_per_second,0.284255339334,GB/s
throughput,GAIA,pNFS,1,2,,,115,l2_read_gb_per_second,0.54404579695,GB/s
throughput,GAIA,pNFS,1,2,,,115,l2_write_gb_per_second,0.379778342016,GB/s
throughput,GAIA,pNFS,1,2,,,120,l2_read_gb_per_second,0.541107594675,GB/s
throughput,GAIA,pNFS,1,2,,,120,l2_write_gb_per_second,0.394040375424,GB/s
throughput,GAIA,pNFS,1,3,,,0,l2_read_gb_per_second,0.567329591069,GB/s
throughput,GAIA,pNFS,1,3,,,0,l2_write_gb_per_second,0.348570969387,GB/s
throughput,GAIA,pNFS,1,3,,,5,l2_read_gb_per_second,0.51538441182,GB/s
throughput,GAIA,pNFS,1,3,,,5,l2_write_gb_per_second,0.306886187362,GB/s
throughput,GAIA,pNFS,1,3,,,10,l2_read_gb_per_second,0.455396091538,GB/s
throughput,GAIA,pNFS,1,3,,,10,l2_write_gb_per_second,0.249000680912,GB/s
throughput,GAIA,pNFS,1,3,,,15,l2_read_gb_per_second,0.37666973132,GB/s
throughput,GAIA,pNFS,1,3,,,15,l2_write_gb_per_second,0.18423545915,GB/s
throughput,GAIA,pNFS,1,3,,,20,l2_read_gb_per_second,0.368644317676,GB/s
throughput,GAIA,pNFS,1,3,,,20,l2_write_gb_per_second,0.227293491957,GB/s
throughput,GAIA,pNFS,1,3,,,25,l2_read_gb_per_second,0.471791345215,GB/s
throughput,GAIA,pNFS,1,3,,,25,l2_write_gb_per_second,0.252218147772,GB/s
throughput,GAIA,pNFS,1,3,,,30,l2_read_gb_per_second,0.5633437646,GB/s
throughput,GAIA,pNFS,1,3,,,30,l2_write_gb_per_second,0.338515823618,GB/s
throughput,GAIA,pNFS,1,3,,,35,l2_read_gb_per_second,0.580674440604,GB/s
throughput,GAIA,pNFS,1,3,,,35,l2_write_gb_per_second,0.358165976779,GB/s
throughput,GAIA,pNFS,1,3,,,40,l2_read_gb_per_second,0.628768431548,GB/s
throughput,GAIA,pNFS,1,3,,,40,l2_write_gb_per_second,0.38377207907,GB/s
throughput,GAIA,pNFS,1,3,,,45,l2_read_gb_per_second,0.612102634068,GB/s
throughput,GAIA,pNFS,1,3,,,45,l2_write_gb_per_second,0.395878952931,GB/s
throughput,GAIA,pNFS,1,3,,,50,l2_read_gb_per_second,0.621620640385,GB/s
throughput,GAIA,pNFS,1,3,,,50,l2_write_gb_per_second,0.405186557034,GB/s
throughput,GAIA,pNFS,1,3,,,55,l2_read_gb_per_second,0.561774259543,GB/s
throughput,GAIA,pNFS,1,3,,,55,l2_write_gb_per_second,0.361001620033,GB/s
throughput,GAIA,pNFS,1,3,,,60,l2_read_gb_per_second,0.516683331299,GB/s
throughput,GAIA,pNFS,1,3,,,60,l2_write_gb_per_second,0.430562327882,GB/s
throughput,GAIA,pNFS,1,3,,,65,l2_read_gb_per_second,0.454037365753,GB/s
throughput,GAIA,pNFS,1,3,,,65,l2_write_gb_per_second,0.45100878066,GB/s
throughput,GAIA,pNFS,1,3,,,70,l2_read_gb_per_second,0.39622451535,GB/s
throughput,GAIA,pNFS,1,3,,,70,l2_write_gb_per_second,0.450826132039,GB/s
throughput,GAIA,pNFS,1,3,,,75,l2_read_gb_per_second,0.385412880085,GB/s
throughput,GAIA,pNFS,1,3,,,75,l2_write_gb_per_second,0.385356706337,GB/s
throughput,GAIA,pNFS,1,3,,,80,l2_read_gb_per_second,0.306776783013,GB/s
throughput,GAIA,pNFS,1,3,,,80,l2_write_gb_per_second,0.356835844484,GB/s
throughput,GAIA,pNFS,1,3,,,85,l2_read_gb_per_second,0.318560025327,GB/s
throughput,GAIA,pNFS,1,3,,,85,l2_write_gb_per_second,0.348526404813,GB/s
throughput,GAIA,pNFS,1,3,,,90,l2_read_gb_per_second,0.409933116032,GB/s
throughput,GAIA,pNFS,1,3,,,90,l2_write_gb_per_second,0.374804907714,GB/s
throughput,GAIA,pNFS,1,3,,,95,l2_read_gb_per_second,0.476534502383,GB/s
throughput,GAIA,pNFS,1,3,,,95,l2_write_gb_per_second,0.348331428864,GB/s
throughput,GAIA,pNFS,1,3,,,100,l2_read_gb_per_second,0.58402031275,GB/s
throughput,GAIA,pNFS,1,3,,,100,l2_write_gb_per_second,0.37918837962,GB/s
throughput,GAIA,pNFS,1,3,,,105,l2_read_gb_per_second,0.593693765466,GB/s
throughput,GAIA,pNFS,1,3,,,105,l2_write_gb_per_second,0.301811686519,GB/s
throughput,GAIA,pNFS,1,3,,,110,l2_read_gb_per_second,0.578618882025,GB/s
throughput,GAIA,pNFS,1,3,,,110,l2_write_gb_per_second,0.333105080723,GB/s
throughput,GAIA,pNFS,1,3,,,115,l2_read_gb_per_second,0.554343172168,GB/s
throughput,GAIA,pNFS,1,3,,,115,l2_write_gb_per_second,0.362027858703,GB/s
throughput,GAIA,pNFS,1,3,,,120,l2_read_gb_per_second,0.519598475267,GB/s
throughput,GAIA,pNFS,1,3,,,120,l2_write_gb_per_second,0.386296590659,GB/s
throughput,SWE-bench,3FS,1,1,,,0,l2_read_gb_per_second,1.07828144269,GB/s
throughput,SWE-bench,3FS,1,1,,,0,l2_write_gb_per_second,0.728362958443,GB/s
throughput,SWE-bench,3FS,1,1,,,5,l2_read_gb_per_second,1.11556824405,GB/s
throughput,SWE-bench,3FS,1,1,,,5,l2_write_gb_per_second,0.531905980717,GB/s
throughput,SWE-bench,3FS,1,1,,,10,l2_read_gb_per_second,1.04901774348,GB/s
throughput,SWE-bench,3FS,1,1,,,10,l2_write_gb_per_second,0.50357034809,GB/s
throughput,SWE-bench,3FS,1,1,,,15,l2_read_gb_per_second,0.770475582552,GB/s
throughput,SWE-bench,3FS,1,1,,,15,l2_write_gb_per_second,0.400642732826,GB/s
throughput,SWE-bench,3FS,1,1,,,20,l2_read_gb_per_second,0.738658898237,GB/s
throughput,SWE-bench,3FS,1,1,,,20,l2_write_gb_per_second,0.351216734336,GB/s
throughput,SWE-bench,3FS,1,1,,,25,l2_read_gb_per_second,0.464099279058,GB/s
throughput,SWE-bench,3FS,1,1,,,25,l2_write_gb_per_second,0.401642075333,GB/s
throughput,SWE-bench,3FS,1,1,,,30,l2_read_gb_per_second,0.525543426447,GB/s
throughput,SWE-bench,3FS,1,1,,,30,l2_write_gb_per_second,0.308947920993,GB/s
throughput,SWE-bench,3FS,1,1,,,35,l2_read_gb_per_second,0.645657136306,GB/s
throughput,SWE-bench,3FS,1,1,,,35,l2_write_gb_per_second,0.431338103863,GB/s
throughput,SWE-bench,3FS,1,1,,,40,l2_read_gb_per_second,0.875514362262,GB/s
throughput,SWE-bench,3FS,1,1,,,40,l2_write_gb_per_second,0.632243733853,GB/s
throughput,SWE-bench,3FS,1,1,,,45,l2_read_gb_per_second,1.22766095126,GB/s
throughput,SWE-bench,3FS,1,1,,,45,l2_write_gb_per_second,0.744695321496,GB/s
throughput,SWE-bench,3FS,1,1,,,50,l2_read_gb_per_second,1.46485623986,GB/s
throughput,SWE-bench,3FS,1,1,,,50,l2_write_gb_per_second,0.903535137417,GB/s
throughput,SWE-bench,3FS,1,1,,,55,l2_read_gb_per_second,1.55859007566,GB/s
throughput,SWE-bench,3FS,1,1,,,55,l2_write_gb_per_second,1.18253406393,GB/s
throughput,SWE-bench,3FS,1,1,,,60,l2_read_gb_per_second,1.5256734772,GB/s
throughput,SWE-bench,3FS,1,1,,,60,l2_write_gb_per_second,1.07459026133,GB/s
throughput,SWE-bench,3FS,1,1,,,65,l2_read_gb_per_second,1.27758037149,GB/s
throughput,SWE-bench,3FS,1,1,,,65,l2_write_gb_per_second,1.0495288373,GB/s
throughput,SWE-bench,3FS,1,1,,,70,l2_read_gb_per_second,1.11521916055,GB/s
throughput,SWE-bench,3FS,1,1,,,70,l2_write_gb_per_second,0.974077568755,GB/s
throughput,SWE-bench,3FS,1,1,,,75,l2_read_gb_per_second,0.791692624168,GB/s
throughput,SWE-bench,3FS,1,1,,,75,l2_write_gb_per_second,0.922621208603,GB/s
throughput,SWE-bench,3FS,1,1,,,80,l2_read_gb_per_second,0.763592472679,GB/s
throughput,SWE-bench,3FS,1,1,,,80,l2_write_gb_per_second,0.843380616871,GB/s
throughput,SWE-bench,3FS,1,1,,,85,l2_read_gb_per_second,0.758796561663,GB/s
throughput,SWE-bench,3FS,1,1,,,85,l2_write_gb_per_second,0.888301479112,GB/s
throughput,SWE-bench,3FS,1,1,,,90,l2_read_gb_per_second,0.759170247791,GB/s
throughput,SWE-bench,3FS,1,1,,,90,l2_write_gb_per_second,0.759946658734,GB/s
throughput,SWE-bench,3FS,1,1,,,95,l2_read_gb_per_second,0.757383882611,GB/s
throughput,SWE-bench,3FS,1,1,,,95,l2_write_gb_per_second,0.679923365037,GB/s
throughput,SWE-bench,3FS,1,1,,,100,l2_read_gb_per_second,0.886690598592,GB/s
throughput,SWE-bench,3FS,1,1,,,100,l2_write_gb_per_second,0.677653307027,GB/s
throughput,SWE-bench,3FS,1,1,,,105,l2_read_gb_per_second,1.00425962387,GB/s
throughput,SWE-bench,3FS,1,1,,,105,l2_write_gb_per_second,0.585272167935,GB/s
throughput,SWE-bench,3FS,1,1,,,110,l2_read_gb_per_second,1.06278874316,GB/s
throughput,SWE-bench,3FS,1,1,,,110,l2_write_gb_per_second,0.5418861886,GB/s
throughput,SWE-bench,3FS,1,1,,,115,l2_read_gb_per_second,1.15998436476,GB/s
throughput,SWE-bench,3FS,1,1,,,115,l2_write_gb_per_second,0.582951651875,GB/s
throughput,SWE-bench,3FS,1,1,,,120,l2_read_gb_per_second,1.02054965005,GB/s
throughput,SWE-bench,3FS,1,1,,,120,l2_write_gb_per_second,0.678017977882,GB/s
throughput,SWE-bench,3FS,1,2,,,0,l2_read_gb_per_second,1.19016993816,GB/s
throughput,SWE-bench,3FS,1,2,,,0,l2_write_gb_per_second,0.738558665926,GB/s
throughput,SWE-bench,3FS,1,2,,,5,l2_read_gb_per_second,1.09819317101,GB/s
throughput,SWE-bench,3FS,1,2,,,5,l2_write_gb_per_second,0.666566865516,GB/s
throughput,SWE-bench,3FS,1,2,,,10,l2_read_gb_per_second,0.94528113731,GB/s
throughput,SWE-bench,3FS,1,2,,,10,l2_write_gb_per_second,0.564770754475,GB/s
throughput,SWE-bench,3FS,1,2,,,15,l2_read_gb_per_second,0.821311908042,GB/s
throughput,SWE-bench,3FS,1,2,,,15,l2_write_gb_per_second,0.430366503876,GB/s
throughput,SWE-bench,3FS,1,2,,,20,l2_read_gb_per_second,0.72964294228,GB/s
throughput,SWE-bench,3FS,1,2,,,20,l2_write_gb_per_second,0.378207293303,GB/s
throughput,SWE-bench,3FS,1,2,,,25,l2_read_gb_per_second,0.511943829803,GB/s
throughput,SWE-bench,3FS,1,2,,,25,l2_write_gb_per_second,0.368668345341,GB/s
throughput,SWE-bench,3FS,1,2,,,30,l2_read_gb_per_second,0.399855638933,GB/s
throughput,SWE-bench,3FS,1,2,,,30,l2_write_gb_per_second,0.339429583566,GB/s
throughput,SWE-bench,3FS,1,2,,,35,l2_read_gb_per_second,0.709670006495,GB/s
throughput,SWE-bench,3FS,1,2,,,35,l2_write_gb_per_second,0.454457167784,GB/s
throughput,SWE-bench,3FS,1,2,,,40,l2_read_gb_per_second,0.871642722679,GB/s
throughput,SWE-bench,3FS,1,2,,,40,l2_write_gb_per_second,0.609525000256,GB/s
throughput,SWE-bench,3FS,1,2,,,45,l2_read_gb_per_second,1.19497678473,GB/s
throughput,SWE-bench,3FS,1,2,,,45,l2_write_gb_per_second,0.882997189167,GB/s
throughput,SWE-bench,3FS,1,2,,,50,l2_read_gb_per_second,1.51833139666,GB/s
throughput,SWE-bench,3FS,1,2,,,50,l2_write_gb_per_second,1.03114874504,GB/s
throughput,SWE-bench,3FS,1,2,,,55,l2_read_gb_per_second,1.69464984692,GB/s
throughput,SWE-bench,3FS,1,2,,,55,l2_write_gb_per_second,1.05408305011,GB/s
throughput,SWE-bench,3FS,1,2,,,60,l2_read_gb_per_second,1.45005538029,GB/s
throughput,SWE-bench,3FS,1,2,,,60,l2_write_gb_per_second,1.05350829421,GB/s
throughput,SWE-bench,3FS,1,2,,,65,l2_read_gb_per_second,1.35331035105,GB/s
throughput,SWE-bench,3FS,1,2,,,65,l2_write_gb_per_second,0.986488388562,GB/s
throughput,SWE-bench,3FS,1,2,,,70,l2_read_gb_per_second,1.17715672439,GB/s
throughput,SWE-bench,3FS,1,2,,,70,l2_write_gb_per_second,0.990696542402,GB/s
throughput,SWE-bench,3FS,1,2,,,75,l2_read_gb_per_second,0.937899692909,GB/s
throughput,SWE-bench,3FS,1,2,,,75,l2_write_gb_per_second,0.92589038965,GB/s
throughput,SWE-bench,3FS,1,2,,,80,l2_read_gb_per_second,0.777263708924,GB/s
throughput,SWE-bench,3FS,1,2,,,80,l2_write_gb_per_second,0.890615741719,GB/s
throughput,SWE-bench,3FS,1,2,,,85,l2_read_gb_per_second,0.716492459422,GB/s
throughput,SWE-bench,3FS,1,2,,,85,l2_write_gb_per_second,0.890872655032,GB/s
throughput,SWE-bench,3FS,1,2,,,90,l2_read_gb_per_second,0.68060685183,GB/s
throughput,SWE-bench,3FS,1,2,,,90,l2_write_gb_per_second,0.799248675181,GB/s
throughput,SWE-bench,3FS,1,2,,,95,l2_read_gb_per_second,0.705270839224,GB/s
throughput,SWE-bench,3FS,1,2,,,95,l2_write_gb_per_second,0.696396752972,GB/s
throughput,SWE-bench,3FS,1,2,,,100,l2_read_gb_per_second,0.84362707239,GB/s
throughput,SWE-bench,3FS,1,2,,,100,l2_write_gb_per_second,0.629934027413,GB/s
throughput,SWE-bench,3FS,1,2,,,105,l2_read_gb_per_second,0.986127208178,GB/s
throughput,SWE-bench,3FS,1,2,,,105,l2_write_gb_per_second,0.570286828792,GB/s
throughput,SWE-bench,3FS,1,2,,,110,l2_read_gb_per_second,1.1181221386,GB/s
throughput,SWE-bench,3FS,1,2,,,110,l2_write_gb_per_second,0.608688357382,GB/s
throughput,SWE-bench,3FS,1,2,,,115,l2_read_gb_per_second,1.06656992414,GB/s
throughput,SWE-bench,3FS,1,2,,,115,l2_write_gb_per_second,0.589028122601,GB/s
throughput,SWE-bench,3FS,1,2,,,120,l2_read_gb_per_second,1.07339582092,GB/s
throughput,SWE-bench,3FS,1,2,,,120,l2_write_gb_per_second,0.666037483544,GB/s
throughput,SWE-bench,3FS,1,3,,,0,l2_read_gb_per_second,1.11271041495,GB/s
throughput,SWE-bench,3FS,1,3,,,0,l2_write_gb_per_second,0.74227845303,GB/s
throughput,SWE-bench,3FS,1,3,,,5,l2_read_gb_per_second,1.24183189299,GB/s
throughput,SWE-bench,3FS,1,3,,,5,l2_write_gb_per_second,0.664112672413,GB/s
throughput,SWE-bench,3FS,1,3,,,10,l2_read_gb_per_second,1.12100390698,GB/s
throughput,SWE-bench,3FS,1,3,,,10,l2_write_gb_per_second,0.620268741277,GB/s
throughput,SWE-bench,3FS,1,3,,,15,l2_read_gb_per_second,0.884601982135,GB/s
throughput,SWE-bench,3FS,1,3,,,15,l2_write_gb_per_second,0.487295028032,GB/s
throughput,SWE-bench,3FS,1,3,,,20,l2_read_gb_per_second,0.667787903886,GB/s
throughput,SWE-bench,3FS,1,3,,,20,l2_write_gb_per_second,0.274198406824,GB/s
throughput,SWE-bench,3FS,1,3,,,25,l2_read_gb_per_second,0.561405861063,GB/s
throughput,SWE-bench,3FS,1,3,,,25,l2_write_gb_per_second,0.241455930399,GB/s
throughput,SWE-bench,3FS,1,3,,,30,l2_read_gb_per_second,0.527678062391,GB/s
throughput,SWE-bench,3FS,1,3,,,30,l2_write_gb_per_second,0.368403375625,GB/s
throughput,SWE-bench,3FS,1,3,,,35,l2_read_gb_per_second,0.690316415195,GB/s
throughput,SWE-bench,3FS,1,3,,,35,l2_write_gb_per_second,0.447525618132,GB/s
throughput,SWE-bench,3FS,1,3,,,40,l2_read_gb_per_second,0.882455335863,GB/s
throughput,SWE-bench,3FS,1,3,,,40,l2_write_gb_per_second,0.64360955023,GB/s
throughput,SWE-bench,3FS,1,3,,,45,l2_read_gb_per_second,1.39268384573,GB/s
throughput,SWE-bench,3FS,1,3,,,45,l2_write_gb_per_second,0.971363108932,GB/s
throughput,SWE-bench,3FS,1,3,,,50,l2_read_gb_per_second,1.56378353849,GB/s
throughput,SWE-bench,3FS,1,3,,,50,l2_write_gb_per_second,0.978652062563,GB/s
throughput,SWE-bench,3FS,1,3,,,55,l2_read_gb_per_second,1.68768953231,GB/s
throughput,SWE-bench,3FS,1,3,,,55,l2_write_gb_per_second,1.1642081418,GB/s
throughput,SWE-bench,3FS,1,3,,,60,l2_read_gb_per_second,1.6138960353,GB/s
throughput,SWE-bench,3FS,1,3,,,60,l2_write_gb_per_second,1.08166479724,GB/s
throughput,SWE-bench,3FS,1,3,,,65,l2_read_gb_per_second,1.47067529059,GB/s
throughput,SWE-bench,3FS,1,3,,,65,l2_write_gb_per_second,1.04678727647,GB/s
throughput,SWE-bench,3FS,1,3,,,70,l2_read_gb_per_second,1.1597915669,GB/s
throughput,SWE-bench,3FS,1,3,,,70,l2_write_gb_per_second,0.947880162467,GB/s
throughput,SWE-bench,3FS,1,3,,,75,l2_read_gb_per_second,0.909464426569,GB/s
throughput,SWE-bench,3FS,1,3,,,75,l2_write_gb_per_second,0.948285919049,GB/s
throughput,SWE-bench,3FS,1,3,,,80,l2_read_gb_per_second,0.793682479023,GB/s
throughput,SWE-bench,3FS,1,3,,,80,l2_write_gb_per_second,0.915249229096,GB/s
throughput,SWE-bench,3FS,1,3,,,85,l2_read_gb_per_second,0.718446144623,GB/s
throughput,SWE-bench,3FS,1,3,,,85,l2_write_gb_per_second,0.876633310498,GB/s
throughput,SWE-bench,3FS,1,3,,,90,l2_read_gb_per_second,0.767656353893,GB/s
throughput,SWE-bench,3FS,1,3,,,90,l2_write_gb_per_second,0.832436639596,GB/s
throughput,SWE-bench,3FS,1,3,,,95,l2_read_gb_per_second,0.73714631583,GB/s
throughput,SWE-bench,3FS,1,3,,,95,l2_write_gb_per_second,0.714095276956,GB/s
throughput,SWE-bench,3FS,1,3,,,100,l2_read_gb_per_second,0.959703319856,GB/s
throughput,SWE-bench,3FS,1,3,,,100,l2_write_gb_per_second,0.612470384571,GB/s
throughput,SWE-bench,3FS,1,3,,,105,l2_read_gb_per_second,1.01910869121,GB/s
throughput,SWE-bench,3FS,1,3,,,105,l2_write_gb_per_second,0.494391617664,GB/s
throughput,SWE-bench,3FS,1,3,,,110,l2_read_gb_per_second,1.15922092975,GB/s
throughput,SWE-bench,3FS,1,3,,,110,l2_write_gb_per_second,0.619059615965,GB/s
throughput,SWE-bench,3FS,1,3,,,115,l2_read_gb_per_second,1.22501065184,GB/s
throughput,SWE-bench,3FS,1,3,,,115,l2_write_gb_per_second,0.600072884971,GB/s
throughput,SWE-bench,3FS,1,3,,,120,l2_read_gb_per_second,1.10077349753,GB/s
throughput,SWE-bench,3FS,1,3,,,120,l2_write_gb_per_second,0.651770793908,GB/s
throughput,SWE-bench,fs-native,1,1,,,0,l2_read_gb_per_second,0.733218137754,GB/s
throughput,SWE-bench,fs-native,1,1,,,0,l2_write_gb_per_second,0.478668013745,GB/s
throughput,SWE-bench,fs-native,1,1,,,5,l2_read_gb_per_second,0.754194779519,GB/s
throughput,SWE-bench,fs-native,1,1,,,5,l2_write_gb_per_second,0.488661239969,GB/s
throughput,SWE-bench,fs-native,1,1,,,10,l2_read_gb_per_second,0.720724272791,GB/s
throughput,SWE-bench,fs-native,1,1,,,10,l2_write_gb_per_second,0.362600019181,GB/s
throughput,SWE-bench,fs-native,1,1,,,15,l2_read_gb_per_second,0.621721257542,GB/s
throughput,SWE-bench,fs-native,1,1,,,15,l2_write_gb_per_second,0.326829868142,GB/s
throughput,SWE-bench,fs-native,1,1,,,20,l2_read_gb_per_second,0.400106595662,GB/s
throughput,SWE-bench,fs-native,1,1,,,20,l2_write_gb_per_second,0.262313110033,GB/s
throughput,SWE-bench,fs-native,1,1,,,25,l2_read_gb_per_second,0.405994383435,GB/s
throughput,SWE-bench,fs-native,1,1,,,25,l2_write_gb_per_second,0.227138807426,GB/s
throughput,SWE-bench,fs-native,1,1,,,30,l2_read_gb_per_second,0.360145044946,GB/s
throughput,SWE-bench,fs-native,1,1,,,30,l2_write_gb_per_second,0.223398408713,GB/s
throughput,SWE-bench,fs-native,1,1,,,35,l2_read_gb_per_second,0.452913138066,GB/s
throughput,SWE-bench,fs-native,1,1,,,35,l2_write_gb_per_second,0.289057227786,GB/s
throughput,SWE-bench,fs-native,1,1,,,40,l2_read_gb_per_second,0.520232272008,GB/s
throughput,SWE-bench,fs-native,1,1,,,40,l2_write_gb_per_second,0.419008442072,GB/s
throughput,SWE-bench,fs-native,1,1,,,45,l2_read_gb_per_second,0.830112391119,GB/s
throughput,SWE-bench,fs-native,1,1,,,45,l2_write_gb_per_second,0.576001128103,GB/s
throughput,SWE-bench,fs-native,1,1,,,50,l2_read_gb_per_second,0.977448921765,GB/s
throughput,SWE-bench,fs-native,1,1,,,50,l2_write_gb_per_second,0.654764860218,GB/s
throughput,SWE-bench,fs-native,1,1,,,55,l2_read_gb_per_second,1.11368088175,GB/s
throughput,SWE-bench,fs-native,1,1,,,55,l2_write_gb_per_second,0.715237292462,GB/s
throughput,SWE-bench,fs-native,1,1,,,60,l2_read_gb_per_second,1.07458113674,GB/s
throughput,SWE-bench,fs-native,1,1,,,60,l2_write_gb_per_second,0.754249265097,GB/s
throughput,SWE-bench,fs-native,1,1,,,65,l2_read_gb_per_second,0.943812623508,GB/s
throughput,SWE-bench,fs-native,1,1,,,65,l2_write_gb_per_second,0.689528953322,GB/s
throughput,SWE-bench,fs-native,1,1,,,70,l2_read_gb_per_second,0.764344731801,GB/s
throughput,SWE-bench,fs-native,1,1,,,70,l2_write_gb_per_second,0.63684365728,GB/s
throughput,SWE-bench,fs-native,1,1,,,75,l2_read_gb_per_second,0.662502665212,GB/s
throughput,SWE-bench,fs-native,1,1,,,75,l2_write_gb_per_second,0.639778984538,GB/s
throughput,SWE-bench,fs-native,1,1,,,80,l2_read_gb_per_second,0.50088609559,GB/s
throughput,SWE-bench,fs-native,1,1,,,80,l2_write_gb_per_second,0.640120775888,GB/s
throughput,SWE-bench,fs-native,1,1,,,85,l2_read_gb_per_second,0.49148908902,GB/s
throughput,SWE-bench,fs-native,1,1,,,85,l2_write_gb_per_second,0.55943356867,GB/s
throughput,SWE-bench,fs-native,1,1,,,90,l2_read_gb_per_second,0.46194355577,GB/s
throughput,SWE-bench,fs-native,1,1,,,90,l2_write_gb_per_second,0.494611654477,GB/s
throughput,SWE-bench,fs-native,1,1,,,95,l2_read_gb_per_second,0.498797487749,GB/s
throughput,SWE-bench,fs-native,1,1,,,95,l2_write_gb_per_second,0.480981657261,GB/s
throughput,SWE-bench,fs-native,1,1,,,100,l2_read_gb_per_second,0.618965601968,GB/s
throughput,SWE-bench,fs-native,1,1,,,100,l2_write_gb_per_second,0.454758318723,GB/s
throughput,SWE-bench,fs-native,1,1,,,105,l2_read_gb_per_second,0.661559465067,GB/s
throughput,SWE-bench,fs-native,1,1,,,105,l2_write_gb_per_second,0.39577472297,GB/s
throughput,SWE-bench,fs-native,1,1,,,110,l2_read_gb_per_second,0.740245861692,GB/s
throughput,SWE-bench,fs-native,1,1,,,110,l2_write_gb_per_second,0.515003981139,GB/s
throughput,SWE-bench,fs-native,1,1,,,115,l2_read_gb_per_second,0.830129831793,GB/s
throughput,SWE-bench,fs-native,1,1,,,115,l2_write_gb_per_second,0.492695578312,GB/s
throughput,SWE-bench,fs-native,1,1,,,120,l2_read_gb_per_second,0.728668026029,GB/s
throughput,SWE-bench,fs-native,1,1,,,120,l2_write_gb_per_second,0.45864465062,GB/s
throughput,SWE-bench,fs-native,1,2,,,0,l2_read_gb_per_second,0.764980493649,GB/s
throughput,SWE-bench,fs-native,1,2,,,0,l2_write_gb_per_second,0.447247776342,GB/s
throughput,SWE-bench,fs-native,1,2,,,5,l2_read_gb_per_second,0.694204096159,GB/s
throughput,SWE-bench,fs-native,1,2,,,5,l2_write_gb_per_second,0.456366123446,GB/s
throughput,SWE-bench,fs-native,1,2,,,10,l2_read_gb_per_second,0.736474842637,GB/s
throughput,SWE-bench,fs-native,1,2,,,10,l2_write_gb_per_second,0.356704453571,GB/s
throughput,SWE-bench,fs-native,1,2,,,15,l2_read_gb_per_second,0.577996032275,GB/s
throughput,SWE-bench,fs-native,1,2,,,15,l2_write_gb_per_second,0.321116137515,GB/s
throughput,SWE-bench,fs-native,1,2,,,20,l2_read_gb_per_second,0.495988679979,GB/s
throughput,SWE-bench,fs-native,1,2,,,20,l2_write_gb_per_second,0.243823323631,GB/s
throughput,SWE-bench,fs-native,1,2,,,25,l2_read_gb_per_second,0.428631209831,GB/s
throughput,SWE-bench,fs-native,1,2,,,25,l2_write_gb_per_second,0.177313214446,GB/s
throughput,SWE-bench,fs-native,1,2,,,30,l2_read_gb_per_second,0.31509189152,GB/s
throughput,SWE-bench,fs-native,1,2,,,30,l2_write_gb_per_second,0.229213818451,GB/s
throughput,SWE-bench,fs-native,1,2,,,35,l2_read_gb_per_second,0.413624080033,GB/s
throughput,SWE-bench,fs-native,1,2,,,35,l2_write_gb_per_second,0.276012516542,GB/s
throughput,SWE-bench,fs-native,1,2,,,40,l2_read_gb_per_second,0.630156138948,GB/s
throughput,SWE-bench,fs-native,1,2,,,40,l2_write_gb_per_second,0.410445160987,GB/s
throughput,SWE-bench,fs-native,1,2,,,45,l2_read_gb_per_second,0.846898806386,GB/s
throughput,SWE-bench,fs-native,1,2,,,45,l2_write_gb_per_second,0.607474809457,GB/s
throughput,SWE-bench,fs-native,1,2,,,50,l2_read_gb_per_second,1.00065775734,GB/s
throughput,SWE-bench,fs-native,1,2,,,50,l2_write_gb_per_second,0.70676017856,GB/s
throughput,SWE-bench,fs-native,1,2,,,55,l2_read_gb_per_second,1.12668996543,GB/s
throughput,SWE-bench,fs-native,1,2,,,55,l2_write_gb_per_second,0.763151012363,GB/s
throughput,SWE-bench,fs-native,1,2,,,60,l2_read_gb_per_second,1.11077896513,GB/s
throughput,SWE-bench,fs-native,1,2,,,60,l2_write_gb_per_second,0.773964308319,GB/s
throughput,SWE-bench,fs-native,1,2,,,65,l2_read_gb_per_second,0.961892617904,GB/s
throughput,SWE-bench,fs-native,1,2,,,65,l2_write_gb_per_second,0.713492867046,GB/s
throughput,SWE-bench,fs-native,1,2,,,70,l2_read_gb_per_second,0.774623814321,GB/s
throughput,SWE-bench,fs-native,1,2,,,70,l2_write_gb_per_second,0.694818905689,GB/s
throughput,SWE-bench,fs-native,1,2,,,75,l2_read_gb_per_second,0.679686642789,GB/s
throughput,SWE-bench,fs-native,1,2,,,75,l2_write_gb_per_second,0.668805566973,GB/s
throughput,SWE-bench,fs-native,1,2,,,80,l2_read_gb_per_second,0.493924267901,GB/s
throughput,SWE-bench,fs-native,1,2,,,80,l2_write_gb_per_second,0.650977197271,GB/s
throughput,SWE-bench,fs-native,1,2,,,85,l2_read_gb_per_second,0.471329388812,GB/s
throughput,SWE-bench,fs-native,1,2,,,85,l2_write_gb_per_second,0.582985658082,GB/s
throughput,SWE-bench,fs-native,1,2,,,90,l2_read_gb_per_second,0.479906346194,GB/s
throughput,SWE-bench,fs-native,1,2,,,90,l2_write_gb_per_second,0.54425565586,GB/s
throughput,SWE-bench,fs-native,1,2,,,95,l2_read_gb_per_second,0.546143335398,GB/s
throughput,SWE-bench,fs-native,1,2,,,95,l2_write_gb_per_second,0.46974208215,GB/s
throughput,SWE-bench,fs-native,1,2,,,100,l2_read_gb_per_second,0.615328757835,GB/s
throughput,SWE-bench,fs-native,1,2,,,100,l2_write_gb_per_second,0.45357704482,GB/s
throughput,SWE-bench,fs-native,1,2,,,105,l2_read_gb_per_second,0.708119667713,GB/s
throughput,SWE-bench,fs-native,1,2,,,105,l2_write_gb_per_second,0.4091381846,GB/s
throughput,SWE-bench,fs-native,1,2,,,110,l2_read_gb_per_second,0.825282103875,GB/s
throughput,SWE-bench,fs-native,1,2,,,110,l2_write_gb_per_second,0.458434988206,GB/s
throughput,SWE-bench,fs-native,1,2,,,115,l2_read_gb_per_second,0.751573903519,GB/s
throughput,SWE-bench,fs-native,1,2,,,115,l2_write_gb_per_second,0.458450133343,GB/s
throughput,SWE-bench,fs-native,1,2,,,120,l2_read_gb_per_second,0.795355702381,GB/s
throughput,SWE-bench,fs-native,1,2,,,120,l2_write_gb_per_second,0.468817606958,GB/s
throughput,SWE-bench,fs-native,1,3,,,0,l2_read_gb_per_second,0.793224574973,GB/s
throughput,SWE-bench,fs-native,1,3,,,0,l2_write_gb_per_second,0.582239174199,GB/s
throughput,SWE-bench,fs-native,1,3,,,5,l2_read_gb_per_second,0.794403906606,GB/s
throughput,SWE-bench,fs-native,1,3,,,5,l2_write_gb_per_second,0.499470669791,GB/s
throughput,SWE-bench,fs-native,1,3,,,10,l2_read_gb_per_second,0.756914028379,GB/s
throughput,SWE-bench,fs-native,1,3,,,10,l2_write_gb_per_second,0.434348677439,GB/s
throughput,SWE-bench,fs-native,1,3,,,15,l2_read_gb_per_second,0.597423667919,GB/s
throughput,SWE-bench,fs-native,1,3,,,15,l2_write_gb_per_second,0.363929600719,GB/s
throughput,SWE-bench,fs-native,1,3,,,20,l2_read_gb_per_second,0.446262530801,GB/s
throughput,SWE-bench,fs-native,1,3,,,20,l2_write_gb_per_second,0.243349048442,GB/s
throughput,SWE-bench,fs-native,1,3,,,25,l2_read_gb_per_second,0.408408804656,GB/s
throughput,SWE-bench,fs-native,1,3,,,25,l2_write_gb_per_second,0.223078500612,GB/s
throughput,SWE-bench,fs-native,1,3,,,30,l2_read_gb_per_second,0.339341956856,GB/s
throughput,SWE-bench,fs-native,1,3,,,30,l2_write_gb_per_second,0.216888291583,GB/s
throughput,SWE-bench,fs-native,1,3,,,35,l2_read_gb_per_second,0.391402629734,GB/s
throughput,SWE-bench,fs-native,1,3,,,35,l2_write_gb_per_second,0.258753867131,GB/s
throughput,SWE-bench,fs-native,1,3,,,40,l2_read_gb_per_second,0.587730076947,GB/s
throughput,SWE-bench,fs-native,1,3,,,40,l2_write_gb_per_second,0.412566511477,GB/s
throughput,SWE-bench,fs-native,1,3,,,45,l2_read_gb_per_second,0.821379925075,GB/s
throughput,SWE-bench,fs-native,1,3,,,45,l2_write_gb_per_second,0.587442627843,GB/s
throughput,SWE-bench,fs-native,1,3,,,50,l2_read_gb_per_second,1.08057748685,GB/s
throughput,SWE-bench,fs-native,1,3,,,50,l2_write_gb_per_second,0.703907127027,GB/s
throughput,SWE-bench,fs-native,1,3,,,55,l2_read_gb_per_second,1.22873802661,GB/s
throughput,SWE-bench,fs-native,1,3,,,55,l2_write_gb_per_second,0.794063137445,GB/s
throughput,SWE-bench,fs-native,1,3,,,60,l2_read_gb_per_second,1.08319941129,GB/s
throughput,SWE-bench,fs-native,1,3,,,60,l2_write_gb_per_second,0.759441518186,GB/s
throughput,SWE-bench,fs-native,1,3,,,65,l2_read_gb_per_second,0.920326800751,GB/s
throughput,SWE-bench,fs-native,1,3,,,65,l2_write_gb_per_second,0.717206257887,GB/s
throughput,SWE-bench,fs-native,1,3,,,70,l2_read_gb_per_second,0.793870397757,GB/s
throughput,SWE-bench,fs-native,1,3,,,70,l2_write_gb_per_second,0.705620978639,GB/s
throughput,SWE-bench,fs-native,1,3,,,75,l2_read_gb_per_second,0.688878954266,GB/s
throughput,SWE-bench,fs-native,1,3,,,75,l2_write_gb_per_second,0.682154832138,GB/s
throughput,SWE-bench,fs-native,1,3,,,80,l2_read_gb_per_second,0.576095381609,GB/s
throughput,SWE-bench,fs-native,1,3,,,80,l2_write_gb_per_second,0.645950289977,GB/s
throughput,SWE-bench,fs-native,1,3,,,85,l2_read_gb_per_second,0.574557627398,GB/s
throughput,SWE-bench,fs-native,1,3,,,85,l2_write_gb_per_second,0.580068708178,GB/s
throughput,SWE-bench,fs-native,1,3,,,90,l2_read_gb_per_second,0.524417353453,GB/s
throughput,SWE-bench,fs-native,1,3,,,90,l2_write_gb_per_second,0.593290445178,GB/s
throughput,SWE-bench,fs-native,1,3,,,95,l2_read_gb_per_second,0.560506807267,GB/s
throughput,SWE-bench,fs-native,1,3,,,95,l2_write_gb_per_second,0.522481108891,GB/s
throughput,SWE-bench,fs-native,1,3,,,100,l2_read_gb_per_second,0.659591774736,GB/s
throughput,SWE-bench,fs-native,1,3,,,100,l2_write_gb_per_second,0.445127434181,GB/s
throughput,SWE-bench,fs-native,1,3,,,105,l2_read_gb_per_second,0.731930733663,GB/s
throughput,SWE-bench,fs-native,1,3,,,105,l2_write_gb_per_second,0.491524644062,GB/s
throughput,SWE-bench,fs-native,1,3,,,110,l2_read_gb_per_second,0.785674575941,GB/s
throughput,SWE-bench,fs-native,1,3,,,110,l2_write_gb_per_second,0.432147253007,GB/s
throughput,SWE-bench,fs-native,1,3,,,115,l2_read_gb_per_second,0.838201461481,GB/s
throughput,SWE-bench,fs-native,1,3,,,115,l2_write_gb_per_second,0.428861474887,GB/s
throughput,SWE-bench,fs-native,1,3,,,120,l2_read_gb_per_second,0.765445788808,GB/s
throughput,SWE-bench,fs-native,1,3,,,120,l2_write_gb_per_second,0.50522095195,GB/s
throughput,SWE-bench,pNFS,1,1,,,0,l2_read_gb_per_second,0.936868850498,GB/s
throughput,SWE-bench,pNFS,1,1,,,0,l2_write_gb_per_second,0.661507520391,GB/s
throughput,SWE-bench,pNFS,1,1,,,5,l2_read_gb_per_second,0.858091161081,GB/s
throughput,SWE-bench,pNFS,1,1,,,5,l2_write_gb_per_second,0.583301505713,GB/s
throughput,SWE-bench,pNFS,1,1,,,10,l2_read_gb_per_second,0.847662061052,GB/s
throughput,SWE-bench,pNFS,1,1,,,10,l2_write_gb_per_second,0.434847271888,GB/s
throughput,SWE-bench,pNFS,1,1,,,15,l2_read_gb_per_second,0.70519195284,GB/s
throughput,SWE-bench,pNFS,1,1,,,15,l2_write_gb_per_second,0.426544360508,GB/s
throughput,SWE-bench,pNFS,1,1,,,20,l2_read_gb_per_second,0.60735297796,GB/s
throughput,SWE-bench,pNFS,1,1,,,20,l2_write_gb_per_second,0.345940803064,GB/s
throughput,SWE-bench,pNFS,1,1,,,25,l2_read_gb_per_second,0.502949241535,GB/s
throughput,SWE-bench,pNFS,1,1,,,25,l2_write_gb_per_second,0.239622606204,GB/s
throughput,SWE-bench,pNFS,1,1,,,30,l2_read_gb_per_second,0.386595698266,GB/s
throughput,SWE-bench,pNFS,1,1,,,30,l2_write_gb_per_second,0.273390898906,GB/s
throughput,SWE-bench,pNFS,1,1,,,35,l2_read_gb_per_second,0.541831191443,GB/s
throughput,SWE-bench,pNFS,1,1,,,35,l2_write_gb_per_second,0.337891267416,GB/s
throughput,SWE-bench,pNFS,1,1,,,40,l2_read_gb_per_second,0.715043979123,GB/s
throughput,SWE-bench,pNFS,1,1,,,40,l2_write_gb_per_second,0.541046351492,GB/s
throughput,SWE-bench,pNFS,1,1,,,45,l2_read_gb_per_second,0.968628457713,GB/s
throughput,SWE-bench,pNFS,1,1,,,45,l2_write_gb_per_second,0.608734219097,GB/s
throughput,SWE-bench,pNFS,1,1,,,50,l2_read_gb_per_second,1.28756457385,GB/s
throughput,SWE-bench,pNFS,1,1,,,50,l2_write_gb_per_second,0.880250862361,GB/s
throughput,SWE-bench,pNFS,1,1,,,55,l2_read_gb_per_second,1.44495847667,GB/s
throughput,SWE-bench,pNFS,1,1,,,55,l2_write_gb_per_second,0.881883115842,GB/s
throughput,SWE-bench,pNFS,1,1,,,60,l2_read_gb_per_second,1.29136225054,GB/s
throughput,SWE-bench,pNFS,1,1,,,60,l2_write_gb_per_second,0.882934515544,GB/s
throughput,SWE-bench,pNFS,1,1,,,65,l2_read_gb_per_second,1.09781167806,GB/s
throughput,SWE-bench,pNFS,1,1,,,65,l2_write_gb_per_second,0.834547313354,GB/s
throughput,SWE-bench,pNFS,1,1,,,70,l2_read_gb_per_second,0.998520818997,GB/s
throughput,SWE-bench,pNFS,1,1,,,70,l2_write_gb_per_second,0.802473062415,GB/s
throughput,SWE-bench,pNFS,1,1,,,75,l2_read_gb_per_second,0.762628693237,GB/s
throughput,SWE-bench,pNFS,1,1,,,75,l2_write_gb_per_second,0.799767469338,GB/s
throughput,SWE-bench,pNFS,1,1,,,80,l2_read_gb_per_second,0.596956804892,GB/s
throughput,SWE-bench,pNFS,1,1,,,80,l2_write_gb_per_second,0.77338866481,GB/s
throughput,SWE-bench,pNFS,1,1,,,85,l2_read_gb_per_second,0.640823737969,GB/s
throughput,SWE-bench,pNFS,1,1,,,85,l2_write_gb_per_second,0.704909964357,GB/s
throughput,SWE-bench,pNFS,1,1,,,90,l2_read_gb_per_second,0.551032372749,GB/s
throughput,SWE-bench,pNFS,1,1,,,90,l2_write_gb_per_second,0.635360191913,GB/s
throughput,SWE-bench,pNFS,1,1,,,95,l2_read_gb_per_second,0.669638781075,GB/s
throughput,SWE-bench,pNFS,1,1,,,95,l2_write_gb_per_second,0.690966166039,GB/s
throughput,SWE-bench,pNFS,1,1,,,100,l2_read_gb_per_second,0.70750492371,GB/s
throughput,SWE-bench,pNFS,1,1,,,100,l2_write_gb_per_second,0.52352222295,GB/s
throughput,SWE-bench,pNFS,1,1,,,105,l2_read_gb_per_second,0.845038256852,GB/s
throughput,SWE-bench,pNFS,1,1,,,105,l2_write_gb_per_second,0.502110741486,GB/s
throughput,SWE-bench,pNFS,1,1,,,110,l2_read_gb_per_second,0.908036083669,GB/s
throughput,SWE-bench,pNFS,1,1,,,110,l2_write_gb_per_second,0.447649304263,GB/s
throughput,SWE-bench,pNFS,1,1,,,115,l2_read_gb_per_second,0.982980310207,GB/s
throughput,SWE-bench,pNFS,1,1,,,115,l2_write_gb_per_second,0.513212380813,GB/s
throughput,SWE-bench,pNFS,1,1,,,120,l2_read_gb_per_second,0.978313158644,GB/s
throughput,SWE-bench,pNFS,1,1,,,120,l2_write_gb_per_second,0.562969343098,GB/s
throughput,SWE-bench,pNFS,1,2,,,0,l2_read_gb_per_second,0.877111259235,GB/s
throughput,SWE-bench,pNFS,1,2,,,0,l2_write_gb_per_second,0.632046183269,GB/s
throughput,SWE-bench,pNFS,1,2,,,5,l2_read_gb_per_second,0.8883405092,GB/s
throughput,SWE-bench,pNFS,1,2,,,5,l2_write_gb_per_second,0.553133353197,GB/s
throughput,SWE-bench,pNFS,1,2,,,10,l2_read_gb_per_second,0.809039735292,GB/s
throughput,SWE-bench,pNFS,1,2,,,10,l2_write_gb_per_second,0.450684759123,GB/s
throughput,SWE-bench,pNFS,1,2,,,15,l2_read_gb_per_second,0.686082841096,GB/s
throughput,SWE-bench,pNFS,1,2,,,15,l2_write_gb_per_second,0.356948450409,GB/s
throughput,SWE-bench,pNFS,1,2,,,20,l2_read_gb_per_second,0.563639692901,GB/s
throughput,SWE-bench,pNFS,1,2,,,20,l2_write_gb_per_second,0.309854262965,GB/s
throughput,SWE-bench,pNFS,1,2,,,25,l2_read_gb_per_second,0.504959915042,GB/s
throughput,SWE-bench,pNFS,1,2,,,25,l2_write_gb_per_second,0.265646430862,GB/s
throughput,SWE-bench,pNFS,1,2,,,30,l2_read_gb_per_second,0.405131466062,GB/s
throughput,SWE-bench,pNFS,1,2,,,30,l2_write_gb_per_second,0.289700154882,GB/s
throughput,SWE-bench,pNFS,1,2,,,35,l2_read_gb_per_second,0.526073089574,GB/s
throughput,SWE-bench,pNFS,1,2,,,35,l2_write_gb_per_second,0.425962977561,GB/s
throughput,SWE-bench,pNFS,1,2,,,40,l2_read_gb_per_second,0.776818603921,GB/s
throughput,SWE-bench,pNFS,1,2,,,40,l2_write_gb_per_second,0.589186365593,GB/s
throughput,SWE-bench,pNFS,1,2,,,45,l2_read_gb_per_second,1.04446877573,GB/s
throughput,SWE-bench,pNFS,1,2,,,45,l2_write_gb_per_second,0.683293283302,GB/s
throughput,SWE-bench,pNFS,1,2,,,50,l2_read_gb_per_second,1.29240134211,GB/s
throughput,SWE-bench,pNFS,1,2,,,50,l2_write_gb_per_second,0.831671786029,GB/s
throughput,SWE-bench,pNFS,1,2,,,55,l2_read_gb_per_second,1.41516569264,GB/s
throughput,SWE-bench,pNFS,1,2,,,55,l2_write_gb_per_second,0.965594545835,GB/s
throughput,SWE-bench,pNFS,1,2,,,60,l2_read_gb_per_second,1.29848496359,GB/s
throughput,SWE-bench,pNFS,1,2,,,60,l2_write_gb_per_second,0.952709804129,GB/s
throughput,SWE-bench,pNFS,1,2,,,65,l2_read_gb_per_second,1.24828726695,GB/s
throughput,SWE-bench,pNFS,1,2,,,65,l2_write_gb_per_second,0.884984479771,GB/s
throughput,SWE-bench,pNFS,1,2,,,70,l2_read_gb_per_second,0.927497829717,GB/s
throughput,SWE-bench,pNFS,1,2,,,70,l2_write_gb_per_second,0.850942634727,GB/s
throughput,SWE-bench,pNFS,1,2,,,75,l2_read_gb_per_second,0.733932357361,GB/s
throughput,SWE-bench,pNFS,1,2,,,75,l2_write_gb_per_second,0.770142365226,GB/s
throughput,SWE-bench,pNFS,1,2,,,80,l2_read_gb_per_second,0.709606616948,GB/s
throughput,SWE-bench,pNFS,1,2,,,80,l2_write_gb_per_second,0.802340111277,GB/s
throughput,SWE-bench,pNFS,1,2,,,85,l2_read_gb_per_second,0.707718375265,GB/s
throughput,SWE-bench,pNFS,1,2,,,85,l2_write_gb_per_second,0.677870643593,GB/s
throughput,SWE-bench,pNFS,1,2,,,90,l2_read_gb_per_second,0.635886450509,GB/s
throughput,SWE-bench,pNFS,1,2,,,90,l2_write_gb_per_second,0.681777812275,GB/s
throughput,SWE-bench,pNFS,1,2,,,95,l2_read_gb_per_second,0.734328984434,GB/s
throughput,SWE-bench,pNFS,1,2,,,95,l2_write_gb_per_second,0.630004151218,GB/s
throughput,SWE-bench,pNFS,1,2,,,100,l2_read_gb_per_second,0.781031797021,GB/s
throughput,SWE-bench,pNFS,1,2,,,100,l2_write_gb_per_second,0.517688434143,GB/s
throughput,SWE-bench,pNFS,1,2,,,105,l2_read_gb_per_second,0.824582477502,GB/s
throughput,SWE-bench,pNFS,1,2,,,105,l2_write_gb_per_second,0.49612060213,GB/s
throughput,SWE-bench,pNFS,1,2,,,110,l2_read_gb_per_second,0.999279201655,GB/s
throughput,SWE-bench,pNFS,1,2,,,110,l2_write_gb_per_second,0.501436351746,GB/s
throughput,SWE-bench,pNFS,1,2,,,115,l2_read_gb_per_second,0.945206621136,GB/s
throughput,SWE-bench,pNFS,1,2,,,115,l2_write_gb_per_second,0.544007621412,GB/s
throughput,SWE-bench,pNFS,1,2,,,120,l2_read_gb_per_second,0.964431266067,GB/s
throughput,SWE-bench,pNFS,1,2,,,120,l2_write_gb_per_second,0.611266876716,GB/s
throughput,SWE-bench,pNFS,1,3,,,0,l2_read_gb_per_second,0.928693854508,GB/s
throughput,SWE-bench,pNFS,1,3,,,0,l2_write_gb_per_second,0.625069871054,GB/s
throughput,SWE-bench,pNFS,1,3,,,5,l2_read_gb_per_second,1.00625896699,GB/s
throughput,SWE-bench,pNFS,1,3,,,5,l2_write_gb_per_second,0.635078742192,GB/s
throughput,SWE-bench,pNFS,1,3,,,10,l2_read_gb_per_second,0.86247288218,GB/s
throughput,SWE-bench,pNFS,1,3,,,10,l2_write_gb_per_second,0.54940392564,GB/s
throughput,SWE-bench,pNFS,1,3,,,15,l2_read_gb_per_second,0.720730393608,GB/s
throughput,SWE-bench,pNFS,1,3,,,15,l2_write_gb_per_second,0.363633167976,GB/s
throughput,SWE-bench,pNFS,1,3,,,20,l2_read_gb_per_second,0.618972579973,GB/s
throughput,SWE-bench,pNFS,1,3,,,20,l2_write_gb_per_second,0.360341208625,GB/s
throughput,SWE-bench,pNFS,1,3,,,25,l2_read_gb_per_second,0.462651796406,GB/s
throughput,SWE-bench,pNFS,1,3,,,25,l2_write_gb_per_second,0.258558678174,GB/s
throughput,SWE-bench,pNFS,1,3,,,30,l2_read_gb_per_second,0.415607821429,GB/s
throughput,SWE-bench,pNFS,1,3,,,30,l2_write_gb_per_second,0.319196064522,GB/s
throughput,SWE-bench,pNFS,1,3,,,35,l2_read_gb_per_second,0.631942056981,GB/s
throughput,SWE-bench,pNFS,1,3,,,35,l2_write_gb_per_second,0.257697989297,GB/s
throughput,SWE-bench,pNFS,1,3,,,40,l2_read_gb_per_second,0.692009069612,GB/s
throughput,SWE-bench,pNFS,1,3,,,40,l2_write_gb_per_second,0.601749607475,GB/s
throughput,SWE-bench,pNFS,1,3,,,45,l2_read_gb_per_second,1.08045639269,GB/s
throughput,SWE-bench,pNFS,1,3,,,45,l2_write_gb_per_second,0.755456488542,GB/s
throughput,SWE-bench,pNFS,1,3,,,50,l2_read_gb_per_second,1.41052068558,GB/s
throughput,SWE-bench,pNFS,1,3,,,50,l2_write_gb_per_second,0.967065094371,GB/s
throughput,SWE-bench,pNFS,1,3,,,55,l2_read_gb_per_second,1.38656892542,GB/s
throughput,SWE-bench,pNFS,1,3,,,55,l2_write_gb_per_second,0.936416900045,GB/s
throughput,SWE-bench,pNFS,1,3,,,60,l2_read_gb_per_second,1.33431497606,GB/s
throughput,SWE-bench,pNFS,1,3,,,60,l2_write_gb_per_second,0.87165723054,GB/s
throughput,SWE-bench,pNFS,1,3,,,65,l2_read_gb_per_second,1.210284376,GB/s
throughput,SWE-bench,pNFS,1,3,,,65,l2_write_gb_per_second,0.909980294564,GB/s
throughput,SWE-bench,pNFS,1,3,,,70,l2_read_gb_per_second,0.981284607713,GB/s
throughput,SWE-bench,pNFS,1,3,,,70,l2_write_gb_per_second,0.780909081197,GB/s
throughput,SWE-bench,pNFS,1,3,,,75,l2_read_gb_per_second,0.843622833307,GB/s
throughput,SWE-bench,pNFS,1,3,,,75,l2_write_gb_per_second,0.839999720327,GB/s
throughput,SWE-bench,pNFS,1,3,,,80,l2_read_gb_per_second,0.783071530039,GB/s
throughput,SWE-bench,pNFS,1,3,,,80,l2_write_gb_per_second,0.800323349789,GB/s
throughput,SWE-bench,pNFS,1,3,,,85,l2_read_gb_per_second,0.626587652769,GB/s
throughput,SWE-bench,pNFS,1,3,,,85,l2_write_gb_per_second,0.685838394462,GB/s
throughput,SWE-bench,pNFS,1,3,,,90,l2_read_gb_per_second,0.479224924022,GB/s
throughput,SWE-bench,pNFS,1,3,,,90,l2_write_gb_per_second,0.687208548496,GB/s
throughput,SWE-bench,pNFS,1,3,,,95,l2_read_gb_per_second,0.670292818721,GB/s
throughput,SWE-bench,pNFS,1,3,,,95,l2_write_gb_per_second,0.690842148835,GB/s
throughput,SWE-bench,pNFS,1,3,,,100,l2_read_gb_per_second,0.738577790505,GB/s
throughput,SWE-bench,pNFS,1,3,,,100,l2_write_gb_per_second,0.525538789253,GB/s
throughput,SWE-bench,pNFS,1,3,,,105,l2_read_gb_per_second,0.838711413193,GB/s
throughput,SWE-bench,pNFS,1,3,,,105,l2_write_gb_per_second,0.47172970441,GB/s
throughput,SWE-bench,pNFS,1,3,,,110,l2_read_gb_per_second,0.939889030462,GB/s
throughput,SWE-bench,pNFS,1,3,,,110,l2_write_gb_per_second,0.534071152472,GB/s
throughput,SWE-bench,pNFS,1,3,,,115,l2_read_gb_per_second,0.999248157676,GB/s
throughput,SWE-bench,pNFS,1,3,,,115,l2_write_gb_per_second,0.463898894492,GB/s
throughput,SWE-bench,pNFS,1,3,,,120,l2_read_gb_per_second,0.836756433186,GB/s
throughput,SWE-bench,pNFS,1,3,,,120,l2_write_gb_per_second,0.59850019572,GB/s
throughput,ToolAgent,3FS,1,1,,,0,l2_read_gb_per_second,0.89779403671,GB/s
throughput,ToolAgent,3FS,1,1,,,0,l2_write_gb_per_second,0.567507531323,GB/s
throughput,ToolAgent,3FS,1,1,,,5,l2_read_gb_per_second,0.954016263311,GB/s
throughput,ToolAgent,3FS,1,1,,,5,l2_write_gb_per_second,0.592133531078,GB/s
throughput,ToolAgent,3FS,1,1,,,10,l2_read_gb_per_second,0.92385131341,GB/s
throughput,ToolAgent,3FS,1,1,,,10,l2_write_gb_per_second,0.544977609748,GB/s
throughput,ToolAgent,3FS,1,1,,,15,l2_read_gb_per_second,0.863163257768,GB/s
throughput,ToolAgent,3FS,1,1,,,15,l2_write_gb_per_second,0.482523525021,GB/s
throughput,ToolAgent,3FS,1,1,,,20,l2_read_gb_per_second,0.788397133249,GB/s
throughput,ToolAgent,3FS,1,1,,,20,l2_write_gb_per_second,0.420478931776,GB/s
throughput,ToolAgent,3FS,1,1,,,25,l2_read_gb_per_second,0.858267214172,GB/s
throughput,ToolAgent,3FS,1,1,,,25,l2_write_gb_per_second,0.46011374538,GB/s
throughput,ToolAgent,3FS,1,1,,,30,l2_read_gb_per_second,0.871685972891,GB/s
throughput,ToolAgent,3FS,1,1,,,30,l2_write_gb_per_second,0.534180649577,GB/s
throughput,ToolAgent,3FS,1,1,,,35,l2_read_gb_per_second,0.880412936885,GB/s
throughput,ToolAgent,3FS,1,1,,,35,l2_write_gb_per_second,0.556999944569,GB/s
throughput,ToolAgent,3FS,1,1,,,40,l2_read_gb_per_second,0.822147551465,GB/s
throughput,ToolAgent,3FS,1,1,,,40,l2_write_gb_per_second,0.575447380723,GB/s
throughput,ToolAgent,3FS,1,1,,,45,l2_read_gb_per_second,0.837451196673,GB/s
throughput,ToolAgent,3FS,1,1,,,45,l2_write_gb_per_second,0.638054728785,GB/s
throughput,ToolAgent,3FS,1,1,,,50,l2_read_gb_per_second,0.863989274,GB/s
throughput,ToolAgent,3FS,1,1,,,50,l2_write_gb_per_second,0.614011531973,GB/s
throughput,ToolAgent,3FS,1,1,,,55,l2_read_gb_per_second,0.89699026282,GB/s
throughput,ToolAgent,3FS,1,1,,,55,l2_write_gb_per_second,0.725235475035,GB/s
throughput,ToolAgent,3FS,1,1,,,60,l2_read_gb_per_second,0.989155752148,GB/s
throughput,ToolAgent,3FS,1,1,,,60,l2_write_gb_per_second,0.726898946149,GB/s
throughput,ToolAgent,3FS,1,1,,,65,l2_read_gb_per_second,0.893307740962,GB/s
throughput,ToolAgent,3FS,1,1,,,65,l2_write_gb_per_second,0.804566129528,GB/s
throughput,ToolAgent,3FS,1,1,,,70,l2_read_gb_per_second,0.92148320459,GB/s
throughput,ToolAgent,3FS,1,1,,,70,l2_write_gb_per_second,0.801509902923,GB/s
throughput,ToolAgent,3FS,1,1,,,75,l2_read_gb_per_second,0.763273416082,GB/s
throughput,ToolAgent,3FS,1,1,,,75,l2_write_gb_per_second,0.692919779707,GB/s
throughput,ToolAgent,3FS,1,1,,,80,l2_read_gb_per_second,0.747341988892,GB/s
throughput,ToolAgent,3FS,1,1,,,80,l2_write_gb_per_second,0.783081226159,GB/s
throughput,ToolAgent,3FS,1,1,,,85,l2_read_gb_per_second,0.697719890874,GB/s
throughput,ToolAgent,3FS,1,1,,,85,l2_write_gb_per_second,0.817071524131,GB/s
throughput,ToolAgent,3FS,1,1,,,90,l2_read_gb_per_second,0.597210066314,GB/s
throughput,ToolAgent,3FS,1,1,,,90,l2_write_gb_per_second,0.751704171241,GB/s
throughput,ToolAgent,3FS,1,1,,,95,l2_read_gb_per_second,0.583146025173,GB/s
throughput,ToolAgent,3FS,1,1,,,95,l2_write_gb_per_second,0.486235496032,GB/s
throughput,ToolAgent,3FS,1,1,,,100,l2_read_gb_per_second,0.666113308286,GB/s
throughput,ToolAgent,3FS,1,1,,,100,l2_write_gb_per_second,0.572015667763,GB/s
throughput,ToolAgent,3FS,1,1,,,105,l2_read_gb_per_second,0.767276255215,GB/s
throughput,ToolAgent,3FS,1,1,,,105,l2_write_gb_per_second,0.540759853252,GB/s
throughput,ToolAgent,3FS,1,1,,,110,l2_read_gb_per_second,0.973421776099,GB/s
throughput,ToolAgent,3FS,1,1,,,110,l2_write_gb_per_second,0.511253139153,GB/s
throughput,ToolAgent,3FS,1,1,,,115,l2_read_gb_per_second,0.932849805407,GB/s
throughput,ToolAgent,3FS,1,1,,,115,l2_write_gb_per_second,0.582196905495,GB/s
throughput,ToolAgent,3FS,1,1,,,120,l2_read_gb_per_second,0.877707903685,GB/s
throughput,ToolAgent,3FS,1,1,,,120,l2_write_gb_per_second,0.552125658775,GB/s
throughput,ToolAgent,3FS,1,2,,,0,l2_read_gb_per_second,0.972350361436,GB/s
throughput,ToolAgent,3FS,1,2,,,0,l2_write_gb_per_second,0.685636612823,GB/s
throughput,ToolAgent,3FS,1,2,,,5,l2_read_gb_per_second,0.996215344049,GB/s
throughput,ToolAgent,3FS,1,2,,,5,l2_write_gb_per_second,0.626979878459,GB/s
throughput,ToolAgent,3FS,1,2,,,10,l2_read_gb_per_second,0.965356183106,GB/s
throughput,ToolAgent,3FS,1,2,,,10,l2_write_gb_per_second,0.497155775861,GB/s
throughput,ToolAgent,3FS,1,2,,,15,l2_read_gb_per_second,0.826795494591,GB/s
throughput,ToolAgent,3FS,1,2,,,15,l2_write_gb_per_second,0.497975788192,GB/s
throughput,ToolAgent,3FS,1,2,,,20,l2_read_gb_per_second,0.912393517776,GB/s
throughput,ToolAgent,3FS,1,2,,,20,l2_write_gb_per_second,0.461820448479,GB/s
throughput,ToolAgent,3FS,1,2,,,25,l2_read_gb_per_second,0.91997049704,GB/s
throughput,ToolAgent,3FS,1,2,,,25,l2_write_gb_per_second,0.470175975675,GB/s
throughput,ToolAgent,3FS,1,2,,,30,l2_read_gb_per_second,0.926641595651,GB/s
throughput,ToolAgent,3FS,1,2,,,30,l2_write_gb_per_second,0.620821011812,GB/s
throughput,ToolAgent,3FS,1,2,,,35,l2_read_gb_per_second,0.937483310821,GB/s
throughput,ToolAgent,3FS,1,2,,,35,l2_write_gb_per_second,0.599871941575,GB/s
throughput,ToolAgent,3FS,1,2,,,40,l2_read_gb_per_second,0.929555692149,GB/s
throughput,ToolAgent,3FS,1,2,,,40,l2_write_gb_per_second,0.580204994157,GB/s
throughput,ToolAgent,3FS,1,2,,,45,l2_read_gb_per_second,0.855277758911,GB/s
throughput,ToolAgent,3FS,1,2,,,45,l2_write_gb_per_second,0.69180921202,GB/s
throughput,ToolAgent,3FS,1,2,,,50,l2_read_gb_per_second,0.862248495921,GB/s
throughput,ToolAgent,3FS,1,2,,,50,l2_write_gb_per_second,0.69632254258,GB/s
throughput,ToolAgent,3FS,1,2,,,55,l2_read_gb_per_second,0.955357381443,GB/s
throughput,ToolAgent,3FS,1,2,,,55,l2_write_gb_per_second,0.647498651816,GB/s
throughput,ToolAgent,3FS,1,2,,,60,l2_read_gb_per_second,0.958381343869,GB/s
throughput,ToolAgent,3FS,1,2,,,60,l2_write_gb_per_second,0.791274914921,GB/s
throughput,ToolAgent,3FS,1,2,,,65,l2_read_gb_per_second,0.98898950756,GB/s
throughput,ToolAgent,3FS,1,2,,,65,l2_write_gb_per_second,0.764653781987,GB/s
throughput,ToolAgent,3FS,1,2,,,70,l2_read_gb_per_second,0.911561635466,GB/s
throughput,ToolAgent,3FS,1,2,,,70,l2_write_gb_per_second,0.76847356834,GB/s
throughput,ToolAgent,3FS,1,2,,,75,l2_read_gb_per_second,0.776354292053,GB/s
throughput,ToolAgent,3FS,1,2,,,75,l2_write_gb_per_second,0.839027818001,GB/s
throughput,ToolAgent,3FS,1,2,,,80,l2_read_gb_per_second,0.604958246267,GB/s
throughput,ToolAgent,3FS,1,2,,,80,l2_write_gb_per_second,0.782775839561,GB/s
throughput,ToolAgent,3FS,1,2,,,85,l2_read_gb_per_second,0.690303953112,GB/s
throughput,ToolAgent,3FS,1,2,,,85,l2_write_gb_per_second,0.807626223769,GB/s
throughput,ToolAgent,3FS,1,2,,,90,l2_read_gb_per_second,0.628385062461,GB/s
throughput,ToolAgent,3FS,1,2,,,90,l2_write_gb_per_second,0.705856181974,GB/s
throughput,ToolAgent,3FS,1,2,,,95,l2_read_gb_per_second,0.659778087591,GB/s
throughput,ToolAgent,3FS,1,2,,,95,l2_write_gb_per_second,0.637632879015,GB/s
throughput,ToolAgent,3FS,1,2,,,100,l2_read_gb_per_second,0.812708750816,GB/s
throughput,ToolAgent,3FS,1,2,,,100,l2_write_gb_per_second,0.469317346716,GB/s
throughput,ToolAgent,3FS,1,2,,,105,l2_read_gb_per_second,0.849793300589,GB/s
throughput,ToolAgent,3FS,1,2,,,105,l2_write_gb_per_second,0.480266397748,GB/s
throughput,ToolAgent,3FS,1,2,,,110,l2_read_gb_per_second,0.993569236968,GB/s
throughput,ToolAgent,3FS,1,2,,,110,l2_write_gb_per_second,0.486813833215,GB/s
throughput,ToolAgent,3FS,1,2,,,115,l2_read_gb_per_second,0.98885549886,GB/s
throughput,ToolAgent,3FS,1,2,,,115,l2_write_gb_per_second,0.531972841053,GB/s
throughput,ToolAgent,3FS,1,2,,,120,l2_read_gb_per_second,0.998674039089,GB/s
throughput,ToolAgent,3FS,1,2,,,120,l2_write_gb_per_second,0.590508872954,GB/s
throughput,ToolAgent,3FS,1,3,,,0,l2_read_gb_per_second,0.988625833416,GB/s
throughput,ToolAgent,3FS,1,3,,,0,l2_write_gb_per_second,0.596706008019,GB/s
throughput,ToolAgent,3FS,1,3,,,5,l2_read_gb_per_second,1.02189509853,GB/s
throughput,ToolAgent,3FS,1,3,,,5,l2_write_gb_per_second,0.67902726104,GB/s
throughput,ToolAgent,3FS,1,3,,,10,l2_read_gb_per_second,0.92744345646,GB/s
throughput,ToolAgent,3FS,1,3,,,10,l2_write_gb_per_second,0.585439369985,GB/s
throughput,ToolAgent,3FS,1,3,,,15,l2_read_gb_per_second,0.918749356079,GB/s
throughput,ToolAgent,3FS,1,3,,,15,l2_write_gb_per_second,0.547202805742,GB/s
throughput,ToolAgent,3FS,1,3,,,20,l2_read_gb_per_second,0.944130988019,GB/s
throughput,ToolAgent,3FS,1,3,,,20,l2_write_gb_per_second,0.480719634122,GB/s
throughput,ToolAgent,3FS,1,3,,,25,l2_read_gb_per_second,0.814274797403,GB/s
throughput,ToolAgent,3FS,1,3,,,25,l2_write_gb_per_second,0.482006805859,GB/s
throughput,ToolAgent,3FS,1,3,,,30,l2_read_gb_per_second,0.900117135964,GB/s
throughput,ToolAgent,3FS,1,3,,,30,l2_write_gb_per_second,0.518809600971,GB/s
throughput,ToolAgent,3FS,1,3,,,35,l2_read_gb_per_second,0.926967687341,GB/s
throughput,ToolAgent,3FS,1,3,,,35,l2_write_gb_per_second,0.588209488684,GB/s
throughput,ToolAgent,3FS,1,3,,,40,l2_read_gb_per_second,0.949754914054,GB/s
throughput,ToolAgent,3FS,1,3,,,40,l2_write_gb_per_second,0.663243075782,GB/s
throughput,ToolAgent,3FS,1,3,,,45,l2_read_gb_per_second,0.904610202974,GB/s
throughput,ToolAgent,3FS,1,3,,,45,l2_write_gb_per_second,0.655302092925,GB/s
throughput,ToolAgent,3FS,1,3,,,50,l2_read_gb_per_second,0.977173167186,GB/s
throughput,ToolAgent,3FS,1,3,,,50,l2_write_gb_per_second,0.623363246142,GB/s
throughput,ToolAgent,3FS,1,3,,,55,l2_read_gb_per_second,1.0517803064,GB/s
throughput,ToolAgent,3FS,1,3,,,55,l2_write_gb_per_second,0.63104758983,GB/s
throughput,ToolAgent,3FS,1,3,,,60,l2_read_gb_per_second,1.03954842441,GB/s
throughput,ToolAgent,3FS,1,3,,,60,l2_write_gb_per_second,0.72896976472,GB/s
throughput,ToolAgent,3FS,1,3,,,65,l2_read_gb_per_second,0.960083147323,GB/s
throughput,ToolAgent,3FS,1,3,,,65,l2_write_gb_per_second,0.750844142487,GB/s
throughput,ToolAgent,3FS,1,3,,,70,l2_read_gb_per_second,0.914907080033,GB/s
throughput,ToolAgent,3FS,1,3,,,70,l2_write_gb_per_second,0.846142644371,GB/s
throughput,ToolAgent,3FS,1,3,,,75,l2_read_gb_per_second,0.825768432762,GB/s
throughput,ToolAgent,3FS,1,3,,,75,l2_write_gb_per_second,0.753802204067,GB/s
throughput,ToolAgent,3FS,1,3,,,80,l2_read_gb_per_second,0.762796210221,GB/s
throughput,ToolAgent,3FS,1,3,,,80,l2_write_gb_per_second,0.815495790495,GB/s
throughput,ToolAgent,3FS,1,3,,,85,l2_read_gb_per_second,0.72354870279,GB/s
throughput,ToolAgent,3FS,1,3,,,85,l2_write_gb_per_second,0.750055759494,GB/s
throughput,ToolAgent,3FS,1,3,,,90,l2_read_gb_per_second,0.68446676318,GB/s
throughput,ToolAgent,3FS,1,3,,,90,l2_write_gb_per_second,0.691493711777,GB/s
throughput,ToolAgent,3FS,1,3,,,95,l2_read_gb_per_second,0.63489006453,GB/s
throughput,ToolAgent,3FS,1,3,,,95,l2_write_gb_per_second,0.669197385597,GB/s
throughput,ToolAgent,3FS,1,3,,,100,l2_read_gb_per_second,0.723081443949,GB/s
throughput,ToolAgent,3FS,1,3,,,100,l2_write_gb_per_second,0.679527598321,GB/s
throughput,ToolAgent,3FS,1,3,,,105,l2_read_gb_per_second,0.873829638891,GB/s
throughput,ToolAgent,3FS,1,3,,,105,l2_write_gb_per_second,0.48045843384,GB/s
throughput,ToolAgent,3FS,1,3,,,110,l2_read_gb_per_second,1.02396990314,GB/s
throughput,ToolAgent,3FS,1,3,,,110,l2_write_gb_per_second,0.523882610646,GB/s
throughput,ToolAgent,3FS,1,3,,,115,l2_read_gb_per_second,1.10626431356,GB/s
throughput,ToolAgent,3FS,1,3,,,115,l2_write_gb_per_second,0.555821265287,GB/s
throughput,ToolAgent,3FS,1,3,,,120,l2_read_gb_per_second,1.02780361686,GB/s
throughput,ToolAgent,3FS,1,3,,,120,l2_write_gb_per_second,0.527078192856,GB/s
throughput,ToolAgent,fs-native,1,1,,,0,l2_read_gb_per_second,0.614875413196,GB/s
throughput,ToolAgent,fs-native,1,1,,,0,l2_write_gb_per_second,0.44564347058,GB/s
throughput,ToolAgent,fs-native,1,1,,,5,l2_read_gb_per_second,0.652656409908,GB/s
throughput,ToolAgent,fs-native,1,1,,,5,l2_write_gb_per_second,0.425708560198,GB/s
throughput,ToolAgent,fs-native,1,1,,,10,l2_read_gb_per_second,0.592967682573,GB/s
throughput,ToolAgent,fs-native,1,1,,,10,l2_write_gb_per_second,0.350438257704,GB/s
throughput,ToolAgent,fs-native,1,1,,,15,l2_read_gb_per_second,0.603886244394,GB/s
throughput,ToolAgent,fs-native,1,1,,,15,l2_write_gb_per_second,0.330473850342,GB/s
throughput,ToolAgent,fs-native,1,1,,,20,l2_read_gb_per_second,0.586178591911,GB/s
throughput,ToolAgent,fs-native,1,1,,,20,l2_write_gb_per_second,0.362410003725,GB/s
throughput,ToolAgent,fs-native,1,1,,,25,l2_read_gb_per_second,0.660066941304,GB/s
throughput,ToolAgent,fs-native,1,1,,,25,l2_write_gb_per_second,0.339254560249,GB/s
throughput,ToolAgent,fs-native,1,1,,,30,l2_read_gb_per_second,0.582699402039,GB/s
throughput,ToolAgent,fs-native,1,1,,,30,l2_write_gb_per_second,0.313442056911,GB/s
throughput,ToolAgent,fs-native,1,1,,,35,l2_read_gb_per_second,0.596211181555,GB/s
throughput,ToolAgent,fs-native,1,1,,,35,l2_write_gb_per_second,0.400806892523,GB/s
throughput,ToolAgent,fs-native,1,1,,,40,l2_read_gb_per_second,0.550309110824,GB/s
throughput,ToolAgent,fs-native,1,1,,,40,l2_write_gb_per_second,0.409236365899,GB/s
throughput,ToolAgent,fs-native,1,1,,,45,l2_read_gb_per_second,0.577831306774,GB/s
throughput,ToolAgent,fs-native,1,1,,,45,l2_write_gb_per_second,0.451036160096,GB/s
throughput,ToolAgent,fs-native,1,1,,,50,l2_read_gb_per_second,0.609114165145,GB/s
throughput,ToolAgent,fs-native,1,1,,,50,l2_write_gb_per_second,0.429998787012,GB/s
throughput,ToolAgent,fs-native,1,1,,,55,l2_read_gb_per_second,0.673100189603,GB/s
throughput,ToolAgent,fs-native,1,1,,,55,l2_write_gb_per_second,0.478695079653,GB/s
throughput,ToolAgent,fs-native,1,1,,,60,l2_read_gb_per_second,0.638889611126,GB/s
throughput,ToolAgent,fs-native,1,1,,,60,l2_write_gb_per_second,0.44921504393,GB/s
throughput,ToolAgent,fs-native,1,1,,,65,l2_read_gb_per_second,0.66895145773,GB/s
throughput,ToolAgent,fs-native,1,1,,,65,l2_write_gb_per_second,0.560145731415,GB/s
throughput,ToolAgent,fs-native,1,1,,,70,l2_read_gb_per_second,0.602219769544,GB/s
throughput,ToolAgent,fs-native,1,1,,,70,l2_write_gb_per_second,0.539615691235,GB/s
throughput,ToolAgent,fs-native,1,1,,,75,l2_read_gb_per_second,0.55623558373,GB/s
throughput,ToolAgent,fs-native,1,1,,,75,l2_write_gb_per_second,0.538690070881,GB/s
throughput,ToolAgent,fs-native,1,1,,,80,l2_read_gb_per_second,0.486464672485,GB/s
throughput,ToolAgent,fs-native,1,1,,,80,l2_write_gb_per_second,0.565659655118,GB/s
throughput,ToolAgent,fs-native,1,1,,,85,l2_read_gb_per_second,0.450577833734,GB/s
throughput,ToolAgent,fs-native,1,1,,,85,l2_write_gb_per_second,0.508598508024,GB/s
throughput,ToolAgent,fs-native,1,1,,,90,l2_read_gb_per_second,0.452075304337,GB/s
throughput,ToolAgent,fs-native,1,1,,,90,l2_write_gb_per_second,0.531489217922,GB/s
throughput,ToolAgent,fs-native,1,1,,,95,l2_read_gb_per_second,0.438709866703,GB/s
throughput,ToolAgent,fs-native,1,1,,,95,l2_write_gb_per_second,0.451277844059,GB/s
throughput,ToolAgent,fs-native,1,1,,,100,l2_read_gb_per_second,0.468304279408,GB/s
throughput,ToolAgent,fs-native,1,1,,,100,l2_write_gb_per_second,0.35470051832,GB/s
throughput,ToolAgent,fs-native,1,1,,,105,l2_read_gb_per_second,0.573546405438,GB/s
throughput,ToolAgent,fs-native,1,1,,,105,l2_write_gb_per_second,0.349492289448,GB/s
throughput,ToolAgent,fs-native,1,1,,,110,l2_read_gb_per_second,0.57154111454,GB/s
throughput,ToolAgent,fs-native,1,1,,,110,l2_write_gb_per_second,0.327254095845,GB/s
throughput,ToolAgent,fs-native,1,1,,,115,l2_read_gb_per_second,0.690735748163,GB/s
throughput,ToolAgent,fs-native,1,1,,,115,l2_write_gb_per_second,0.375732655969,GB/s
throughput,ToolAgent,fs-native,1,1,,,120,l2_read_gb_per_second,0.675722484633,GB/s
throughput,ToolAgent,fs-native,1,1,,,120,l2_write_gb_per_second,0.370829220355,GB/s
throughput,ToolAgent,fs-native,1,2,,,0,l2_read_gb_per_second,0.606512265999,GB/s
throughput,ToolAgent,fs-native,1,2,,,0,l2_write_gb_per_second,0.477495850611,GB/s
throughput,ToolAgent,fs-native,1,2,,,5,l2_read_gb_per_second,0.618437860629,GB/s
throughput,ToolAgent,fs-native,1,2,,,5,l2_write_gb_per_second,0.457732574365,GB/s
throughput,ToolAgent,fs-native,1,2,,,10,l2_read_gb_per_second,0.650943512483,GB/s
throughput,ToolAgent,fs-native,1,2,,,10,l2_write_gb_per_second,0.398250841402,GB/s
throughput,ToolAgent,fs-native,1,2,,,15,l2_read_gb_per_second,0.60503440738,GB/s
throughput,ToolAgent,fs-native,1,2,,,15,l2_write_gb_per_second,0.334047250946,GB/s
throughput,ToolAgent,fs-native,1,2,,,20,l2_read_gb_per_second,0.578537192702,GB/s
throughput,ToolAgent,fs-native,1,2,,,20,l2_write_gb_per_second,0.314263015078,GB/s
throughput,ToolAgent,fs-native,1,2,,,25,l2_read_gb_per_second,0.589387035782,GB/s
throughput,ToolAgent,fs-native,1,2,,,25,l2_write_gb_per_second,0.309611597507,GB/s
throughput,ToolAgent,fs-native,1,2,,,30,l2_read_gb_per_second,0.607351702174,GB/s
throughput,ToolAgent,fs-native,1,2,,,30,l2_write_gb_per_second,0.401747538254,GB/s
throughput,ToolAgent,fs-native,1,2,,,35,l2_read_gb_per_second,0.626918199549,GB/s
throughput,ToolAgent,fs-native,1,2,,,35,l2_write_gb_per_second,0.423362211209,GB/s
throughput,ToolAgent,fs-native,1,2,,,40,l2_read_gb_per_second,0.647053558788,GB/s
throughput,ToolAgent,fs-native,1,2,,,40,l2_write_gb_per_second,0.438186492912,GB/s
throughput,ToolAgent,fs-native,1,2,,,45,l2_read_gb_per_second,0.596011074704,GB/s
throughput,ToolAgent,fs-native,1,2,,,45,l2_write_gb_per_second,0.415996151966,GB/s
throughput,ToolAgent,fs-native,1,2,,,50,l2_read_gb_per_second,0.551257628222,GB/s
throughput,ToolAgent,fs-native,1,2,,,50,l2_write_gb_per_second,0.403845318054,GB/s
throughput,ToolAgent,fs-native,1,2,,,55,l2_read_gb_per_second,0.607843272229,GB/s
throughput,ToolAgent,fs-native,1,2,,,55,l2_write_gb_per_second,0.406647684656,GB/s
throughput,ToolAgent,fs-native,1,2,,,60,l2_read_gb_per_second,0.646776048096,GB/s
throughput,ToolAgent,fs-native,1,2,,,60,l2_write_gb_per_second,0.552952579308,GB/s
throughput,ToolAgent,fs-native,1,2,,,65,l2_read_gb_per_second,0.714714845767,GB/s
throughput,ToolAgent,fs-native,1,2,,,65,l2_write_gb_per_second,0.50294937529,GB/s
throughput,ToolAgent,fs-native,1,2,,,70,l2_read_gb_per_second,0.60304531899,GB/s
throughput,ToolAgent,fs-native,1,2,,,70,l2_write_gb_per_second,0.50927210937,GB/s
throughput,ToolAgent,fs-native,1,2,,,75,l2_read_gb_per_second,0.544622669824,GB/s
throughput,ToolAgent,fs-native,1,2,,,75,l2_write_gb_per_second,0.557721620466,GB/s
throughput,ToolAgent,fs-native,1,2,,,80,l2_read_gb_per_second,0.440647592136,GB/s
throughput,ToolAgent,fs-native,1,2,,,80,l2_write_gb_per_second,0.542769622003,GB/s
throughput,ToolAgent,fs-native,1,2,,,85,l2_read_gb_per_second,0.399234214632,GB/s
throughput,ToolAgent,fs-native,1,2,,,85,l2_write_gb_per_second,0.550604252211,GB/s
throughput,ToolAgent,fs-native,1,2,,,90,l2_read_gb_per_second,0.46644518582,GB/s
throughput,ToolAgent,fs-native,1,2,,,90,l2_write_gb_per_second,0.505527804979,GB/s
throughput,ToolAgent,fs-native,1,2,,,95,l2_read_gb_per_second,0.40550515991,GB/s
throughput,ToolAgent,fs-native,1,2,,,95,l2_write_gb_per_second,0.521333053072,GB/s
throughput,ToolAgent,fs-native,1,2,,,100,l2_read_gb_per_second,0.535330399801,GB/s
throughput,ToolAgent,fs-native,1,2,,,100,l2_write_gb_per_second,0.372743645446,GB/s
throughput,ToolAgent,fs-native,1,2,,,105,l2_read_gb_per_second,0.63534352191,GB/s
throughput,ToolAgent,fs-native,1,2,,,105,l2_write_gb_per_second,0.348074540271,GB/s
throughput,ToolAgent,fs-native,1,2,,,110,l2_read_gb_per_second,0.648520208009,GB/s
throughput,ToolAgent,fs-native,1,2,,,110,l2_write_gb_per_second,0.375065222971,GB/s
throughput,ToolAgent,fs-native,1,2,,,115,l2_read_gb_per_second,0.6901354953,GB/s
throughput,ToolAgent,fs-native,1,2,,,115,l2_write_gb_per_second,0.382585821977,GB/s
throughput,ToolAgent,fs-native,1,2,,,120,l2_read_gb_per_second,0.672706769598,GB/s
throughput,ToolAgent,fs-native,1,2,,,120,l2_write_gb_per_second,0.391366281931,GB/s
throughput,ToolAgent,fs-native,1,3,,,0,l2_read_gb_per_second,0.672749600904,GB/s
throughput,ToolAgent,fs-native,1,3,,,0,l2_write_gb_per_second,0.484237030775,GB/s
throughput,ToolAgent,fs-native,1,3,,,5,l2_read_gb_per_second,0.678422595773,GB/s
throughput,ToolAgent,fs-native,1,3,,,5,l2_write_gb_per_second,0.452183204504,GB/s
throughput,ToolAgent,fs-native,1,3,,,10,l2_read_gb_per_second,0.62627535718,GB/s
throughput,ToolAgent,fs-native,1,3,,,10,l2_write_gb_per_second,0.393222403718,GB/s
throughput,ToolAgent,fs-native,1,3,,,15,l2_read_gb_per_second,0.62651576684,GB/s
throughput,ToolAgent,fs-native,1,3,,,15,l2_write_gb_per_second,0.356046414874,GB/s
throughput,ToolAgent,fs-native,1,3,,,20,l2_read_gb_per_second,0.656985874182,GB/s
throughput,ToolAgent,fs-native,1,3,,,20,l2_write_gb_per_second,0.319234836896,GB/s
throughput,ToolAgent,fs-native,1,3,,,25,l2_read_gb_per_second,0.598929180202,GB/s
throughput,ToolAgent,fs-native,1,3,,,25,l2_write_gb_per_second,0.348014903316,GB/s
throughput,ToolAgent,fs-native,1,3,,,30,l2_read_gb_per_second,0.658341763526,GB/s
throughput,ToolAgent,fs-native,1,3,,,30,l2_write_gb_per_second,0.381572077059,GB/s
throughput,ToolAgent,fs-native,1,3,,,35,l2_read_gb_per_second,0.690321282233,GB/s
throughput,ToolAgent,fs-native,1,3,,,35,l2_write_gb_per_second,0.414263027862,GB/s
throughput,ToolAgent,fs-native,1,3,,,40,l2_read_gb_per_second,0.623528549226,GB/s
throughput,ToolAgent,fs-native,1,3,,,40,l2_write_gb_per_second,0.427821814748,GB/s
throughput,ToolAgent,fs-native,1,3,,,45,l2_read_gb_per_second,0.642647849928,GB/s
throughput,ToolAgent,fs-native,1,3,,,45,l2_write_gb_per_second,0.40993795902,GB/s
throughput,ToolAgent,fs-native,1,3,,,50,l2_read_gb_per_second,0.635888658288,GB/s
throughput,ToolAgent,fs-native,1,3,,,50,l2_write_gb_per_second,0.461349087274,GB/s
throughput,ToolAgent,fs-native,1,3,,,55,l2_read_gb_per_second,0.689569776492,GB/s
throughput,ToolAgent,fs-native,1,3,,,55,l2_write_gb_per_second,0.490869614845,GB/s
throughput,ToolAgent,fs-native,1,3,,,60,l2_read_gb_per_second,0.743355281115,GB/s
throughput,ToolAgent,fs-native,1,3,,,60,l2_write_gb_per_second,0.528561340677,GB/s
throughput,ToolAgent,fs-native,1,3,,,65,l2_read_gb_per_second,0.699117591263,GB/s
throughput,ToolAgent,fs-native,1,3,,,65,l2_write_gb_per_second,0.564323967548,GB/s
throughput,ToolAgent,fs-native,1,3,,,70,l2_read_gb_per_second,0.613852006475,GB/s
throughput,ToolAgent,fs-native,1,3,,,70,l2_write_gb_per_second,0.52617109799,GB/s
throughput,ToolAgent,fs-native,1,3,,,75,l2_read_gb_per_second,0.612413807447,GB/s
throughput,ToolAgent,fs-native,1,3,,,75,l2_write_gb_per_second,0.605445294898,GB/s
throughput,ToolAgent,fs-native,1,3,,,80,l2_read_gb_per_second,0.529118225358,GB/s
throughput,ToolAgent,fs-native,1,3,,,80,l2_write_gb_per_second,0.517976325694,GB/s
throughput,ToolAgent,fs-native,1,3,,,85,l2_read_gb_per_second,0.446313005392,GB/s
throughput,ToolAgent,fs-native,1,3,,,85,l2_write_gb_per_second,0.569323096929,GB/s
throughput,ToolAgent,fs-native,1,3,,,90,l2_read_gb_per_second,0.485367385688,GB/s
throughput,ToolAgent,fs-native,1,3,,,90,l2_write_gb_per_second,0.550476781854,GB/s
throughput,ToolAgent,fs-native,1,3,,,95,l2_read_gb_per_second,0.508962511818,GB/s
throughput,ToolAgent,fs-native,1,3,,,95,l2_write_gb_per_second,0.475846618732,GB/s
throughput,ToolAgent,fs-native,1,3,,,100,l2_read_gb_per_second,0.562628915483,GB/s
throughput,ToolAgent,fs-native,1,3,,,100,l2_write_gb_per_second,0.42134243921,GB/s
throughput,ToolAgent,fs-native,1,3,,,105,l2_read_gb_per_second,0.631756887866,GB/s
throughput,ToolAgent,fs-native,1,3,,,105,l2_write_gb_per_second,0.31755718101,GB/s
throughput,ToolAgent,fs-native,1,3,,,110,l2_read_gb_per_second,0.696505576639,GB/s
throughput,ToolAgent,fs-native,1,3,,,110,l2_write_gb_per_second,0.365636756513,GB/s
throughput,ToolAgent,fs-native,1,3,,,115,l2_read_gb_per_second,0.679795359155,GB/s
throughput,ToolAgent,fs-native,1,3,,,115,l2_write_gb_per_second,0.381405087539,GB/s
throughput,ToolAgent,fs-native,1,3,,,120,l2_read_gb_per_second,0.644470710636,GB/s
throughput,ToolAgent,fs-native,1,3,,,120,l2_write_gb_per_second,0.423140439395,GB/s
throughput,ToolAgent,pNFS,1,1,,,0,l2_read_gb_per_second,0.776864994852,GB/s
throughput,ToolAgent,pNFS,1,1,,,0,l2_write_gb_per_second,0.542577909974,GB/s
throughput,ToolAgent,pNFS,1,1,,,5,l2_read_gb_per_second,0.828655004918,GB/s
throughput,ToolAgent,pNFS,1,1,,,5,l2_write_gb_per_second,0.502151476883,GB/s
throughput,ToolAgent,pNFS,1,1,,,10,l2_read_gb_per_second,0.806660608022,GB/s
throughput,ToolAgent,pNFS,1,1,,,10,l2_write_gb_per_second,0.440141728021,GB/s
throughput,ToolAgent,pNFS,1,1,,,15,l2_read_gb_per_second,0.712682264728,GB/s
throughput,ToolAgent,pNFS,1,1,,,15,l2_write_gb_per_second,0.365033531433,GB/s
throughput,ToolAgent,pNFS,1,1,,,20,l2_read_gb_per_second,0.700263413614,GB/s
throughput,ToolAgent,pNFS,1,1,,,20,l2_write_gb_per_second,0.443283085051,GB/s
throughput,ToolAgent,pNFS,1,1,,,25,l2_read_gb_per_second,0.702033262648,GB/s
throughput,ToolAgent,pNFS,1,1,,,25,l2_write_gb_per_second,0.450225822873,GB/s
throughput,ToolAgent,pNFS,1,1,,,30,l2_read_gb_per_second,0.802556556745,GB/s
throughput,ToolAgent,pNFS,1,1,,,30,l2_write_gb_per_second,0.424045979562,GB/s
throughput,ToolAgent,pNFS,1,1,,,35,l2_read_gb_per_second,0.795192504422,GB/s
throughput,ToolAgent,pNFS,1,1,,,35,l2_write_gb_per_second,0.504891985732,GB/s
throughput,ToolAgent,pNFS,1,1,,,40,l2_read_gb_per_second,0.834818399661,GB/s
throughput,ToolAgent,pNFS,1,1,,,40,l2_write_gb_per_second,0.536361587706,GB/s
throughput,ToolAgent,pNFS,1,1,,,45,l2_read_gb_per_second,0.699271663196,GB/s
throughput,ToolAgent,pNFS,1,1,,,45,l2_write_gb_per_second,0.524085247037,GB/s
throughput,ToolAgent,pNFS,1,1,,,50,l2_read_gb_per_second,0.765444583541,GB/s
throughput,ToolAgent,pNFS,1,1,,,50,l2_write_gb_per_second,0.536969304701,GB/s
throughput,ToolAgent,pNFS,1,1,,,55,l2_read_gb_per_second,0.819033936817,GB/s
throughput,ToolAgent,pNFS,1,1,,,55,l2_write_gb_per_second,0.556278577299,GB/s
throughput,ToolAgent,pNFS,1,1,,,60,l2_read_gb_per_second,0.829066962688,GB/s
throughput,ToolAgent,pNFS,1,1,,,60,l2_write_gb_per_second,0.595930944302,GB/s
throughput,ToolAgent,pNFS,1,1,,,65,l2_read_gb_per_second,0.836887786643,GB/s
throughput,ToolAgent,pNFS,1,1,,,65,l2_write_gb_per_second,0.619935880462,GB/s
throughput,ToolAgent,pNFS,1,1,,,70,l2_read_gb_per_second,0.766243528669,GB/s
throughput,ToolAgent,pNFS,1,1,,,70,l2_write_gb_per_second,0.629430668607,GB/s
throughput,ToolAgent,pNFS,1,1,,,75,l2_read_gb_per_second,0.662966682583,GB/s
throughput,ToolAgent,pNFS,1,1,,,75,l2_write_gb_per_second,0.674586277635,GB/s
throughput,ToolAgent,pNFS,1,1,,,80,l2_read_gb_per_second,0.571911592994,GB/s
throughput,ToolAgent,pNFS,1,1,,,80,l2_write_gb_per_second,0.720387817793,GB/s
throughput,ToolAgent,pNFS,1,1,,,85,l2_read_gb_per_second,0.59391338657,GB/s
throughput,ToolAgent,pNFS,1,1,,,85,l2_write_gb_per_second,0.687463107984,GB/s
throughput,ToolAgent,pNFS,1,1,,,90,l2_read_gb_per_second,0.51223796799,GB/s
throughput,ToolAgent,pNFS,1,1,,,90,l2_write_gb_per_second,0.577396732851,GB/s
throughput,ToolAgent,pNFS,1,1,,,95,l2_read_gb_per_second,0.594339123712,GB/s
throughput,ToolAgent,pNFS,1,1,,,95,l2_write_gb_per_second,0.554165635408,GB/s
throughput,ToolAgent,pNFS,1,1,,,100,l2_read_gb_per_second,0.538728252173,GB/s
throughput,ToolAgent,pNFS,1,1,,,100,l2_write_gb_per_second,0.44506308348,GB/s
throughput,ToolAgent,pNFS,1,1,,,105,l2_read_gb_per_second,0.721896454663,GB/s
throughput,ToolAgent,pNFS,1,1,,,105,l2_write_gb_per_second,0.410251494006,GB/s
throughput,ToolAgent,pNFS,1,1,,,110,l2_read_gb_per_second,0.739579379804,GB/s
throughput,ToolAgent,pNFS,1,1,,,110,l2_write_gb_per_second,0.386335658945,GB/s
throughput,ToolAgent,pNFS,1,1,,,115,l2_read_gb_per_second,0.751911917827,GB/s
throughput,ToolAgent,pNFS,1,1,,,115,l2_write_gb_per_second,0.450769069877,GB/s
throughput,ToolAgent,pNFS,1,1,,,120,l2_read_gb_per_second,0.740078693846,GB/s
throughput,ToolAgent,pNFS,1,1,,,120,l2_write_gb_per_second,0.526929879595,GB/s
throughput,ToolAgent,pNFS,1,2,,,0,l2_read_gb_per_second,0.769261573602,GB/s
throughput,ToolAgent,pNFS,1,2,,,0,l2_write_gb_per_second,0.568375165302,GB/s
throughput,ToolAgent,pNFS,1,2,,,5,l2_read_gb_per_second,0.883980012578,GB/s
throughput,ToolAgent,pNFS,1,2,,,5,l2_write_gb_per_second,0.554015939333,GB/s
throughput,ToolAgent,pNFS,1,2,,,10,l2_read_gb_per_second,0.787497457436,GB/s
throughput,ToolAgent,pNFS,1,2,,,10,l2_write_gb_per_second,0.433189404164,GB/s
throughput,ToolAgent,pNFS,1,2,,,15,l2_read_gb_per_second,0.78620096009,GB/s
throughput,ToolAgent,pNFS,1,2,,,15,l2_write_gb_per_second,0.42635525395,GB/s
throughput,ToolAgent,pNFS,1,2,,,20,l2_read_gb_per_second,0.719798039728,GB/s
throughput,ToolAgent,pNFS,1,2,,,20,l2_write_gb_per_second,0.3962121408,GB/s
throughput,ToolAgent,pNFS,1,2,,,25,l2_read_gb_per_second,0.702269671767,GB/s
throughput,ToolAgent,pNFS,1,2,,,25,l2_write_gb_per_second,0.37612410246,GB/s
throughput,ToolAgent,pNFS,1,2,,,30,l2_read_gb_per_second,0.787774588282,GB/s
throughput,ToolAgent,pNFS,1,2,,,30,l2_write_gb_per_second,0.52089459937,GB/s
throughput,ToolAgent,pNFS,1,2,,,35,l2_read_gb_per_second,0.798822018713,GB/s
throughput,ToolAgent,pNFS,1,2,,,35,l2_write_gb_per_second,0.475961381337,GB/s
throughput,ToolAgent,pNFS,1,2,,,40,l2_read_gb_per_second,0.715183079067,GB/s
throughput,ToolAgent,pNFS,1,2,,,40,l2_write_gb_per_second,0.522290800198,GB/s
throughput,ToolAgent,pNFS,1,2,,,45,l2_read_gb_per_second,0.796193458581,GB/s
throughput,ToolAgent,pNFS,1,2,,,45,l2_write_gb_per_second,0.485240623406,GB/s
throughput,ToolAgent,pNFS,1,2,,,50,l2_read_gb_per_second,0.744932070814,GB/s
throughput,ToolAgent,pNFS,1,2,,,50,l2_write_gb_per_second,0.527993335282,GB/s
throughput,ToolAgent,pNFS,1,2,,,55,l2_read_gb_per_second,0.783965392908,GB/s
throughput,ToolAgent,pNFS,1,2,,,55,l2_write_gb_per_second,0.604504783519,GB/s
throughput,ToolAgent,pNFS,1,2,,,60,l2_read_gb_per_second,0.84933666572,GB/s
throughput,ToolAgent,pNFS,1,2,,,60,l2_write_gb_per_second,0.612093111316,GB/s
throughput,ToolAgent,pNFS,1,2,,,65,l2_read_gb_per_second,0.866378219857,GB/s
throughput,ToolAgent,pNFS,1,2,,,65,l2_write_gb_per_second,0.64293918417,GB/s
throughput,ToolAgent,pNFS,1,2,,,70,l2_read_gb_per_second,0.757701199863,GB/s
throughput,ToolAgent,pNFS,1,2,,,70,l2_write_gb_per_second,0.651740582156,GB/s
throughput,ToolAgent,pNFS,1,2,,,75,l2_read_gb_per_second,0.735292274785,GB/s
throughput,ToolAgent,pNFS,1,2,,,75,l2_write_gb_per_second,0.66949216291,GB/s
throughput,ToolAgent,pNFS,1,2,,,80,l2_read_gb_per_second,0.613731744518,GB/s
throughput,ToolAgent,pNFS,1,2,,,80,l2_write_gb_per_second,0.676273015194,GB/s
throughput,ToolAgent,pNFS,1,2,,,85,l2_read_gb_per_second,0.56831284997,GB/s
throughput,ToolAgent,pNFS,1,2,,,85,l2_write_gb_per_second,0.645246653848,GB/s
throughput,ToolAgent,pNFS,1,2,,,90,l2_read_gb_per_second,0.51477790796,GB/s
throughput,ToolAgent,pNFS,1,2,,,90,l2_write_gb_per_second,0.600190175147,GB/s
throughput,ToolAgent,pNFS,1,2,,,95,l2_read_gb_per_second,0.532625607434,GB/s
throughput,ToolAgent,pNFS,1,2,,,95,l2_write_gb_per_second,0.475113673332,GB/s
throughput,ToolAgent,pNFS,1,2,,,100,l2_read_gb_per_second,0.607377163079,GB/s
throughput,ToolAgent,pNFS,1,2,,,100,l2_write_gb_per_second,0.47115784484,GB/s
throughput,ToolAgent,pNFS,1,2,,,105,l2_read_gb_per_second,0.738594649131,GB/s
throughput,ToolAgent,pNFS,1,2,,,105,l2_write_gb_per_second,0.440667654796,GB/s
throughput,ToolAgent,pNFS,1,2,,,110,l2_read_gb_per_second,0.713510837754,GB/s
throughput,ToolAgent,pNFS,1,2,,,110,l2_write_gb_per_second,0.418687371875,GB/s
throughput,ToolAgent,pNFS,1,2,,,115,l2_read_gb_per_second,0.864038576929,GB/s
throughput,ToolAgent,pNFS,1,2,,,115,l2_write_gb_per_second,0.515840958847,GB/s
throughput,ToolAgent,pNFS,1,2,,,120,l2_read_gb_per_second,0.790946077641,GB/s
throughput,ToolAgent,pNFS,1,2,,,120,l2_write_gb_per_second,0.485990622398,GB/s
throughput,ToolAgent,pNFS,1,3,,,0,l2_read_gb_per_second,0.770762072266,GB/s
throughput,ToolAgent,pNFS,1,3,,,0,l2_write_gb_per_second,0.553611325323,GB/s
throughput,ToolAgent,pNFS,1,3,,,5,l2_read_gb_per_second,0.827180745743,GB/s
throughput,ToolAgent,pNFS,1,3,,,5,l2_write_gb_per_second,0.489314102544,GB/s
throughput,ToolAgent,pNFS,1,3,,,10,l2_read_gb_per_second,0.779578285451,GB/s
throughput,ToolAgent,pNFS,1,3,,,10,l2_write_gb_per_second,0.483533483973,GB/s
throughput,ToolAgent,pNFS,1,3,,,15,l2_read_gb_per_second,0.781492709293,GB/s
throughput,ToolAgent,pNFS,1,3,,,15,l2_write_gb_per_second,0.362261189208,GB/s
throughput,ToolAgent,pNFS,1,3,,,20,l2_read_gb_per_second,0.739481924405,GB/s
throughput,ToolAgent,pNFS,1,3,,,20,l2_write_gb_per_second,0.452892276297,GB/s
throughput,ToolAgent,pNFS,1,3,,,25,l2_read_gb_per_second,0.78440135529,GB/s
throughput,ToolAgent,pNFS,1,3,,,25,l2_write_gb_per_second,0.403674401496,GB/s
throughput,ToolAgent,pNFS,1,3,,,30,l2_read_gb_per_second,0.813697508545,GB/s
throughput,ToolAgent,pNFS,1,3,,,30,l2_write_gb_per_second,0.486592665997,GB/s
throughput,ToolAgent,pNFS,1,3,,,35,l2_read_gb_per_second,0.817147028359,GB/s
throughput,ToolAgent,pNFS,1,3,,,35,l2_write_gb_per_second,0.557393943774,GB/s
throughput,ToolAgent,pNFS,1,3,,,40,l2_read_gb_per_second,0.777033123883,GB/s
throughput,ToolAgent,pNFS,1,3,,,40,l2_write_gb_per_second,0.483598706201,GB/s
throughput,ToolAgent,pNFS,1,3,,,45,l2_read_gb_per_second,0.799293843067,GB/s
throughput,ToolAgent,pNFS,1,3,,,45,l2_write_gb_per_second,0.514829123786,GB/s
throughput,ToolAgent,pNFS,1,3,,,50,l2_read_gb_per_second,0.763504181783,GB/s
throughput,ToolAgent,pNFS,1,3,,,50,l2_write_gb_per_second,0.555724209951,GB/s
throughput,ToolAgent,pNFS,1,3,,,55,l2_read_gb_per_second,0.785990890007,GB/s
throughput,ToolAgent,pNFS,1,3,,,55,l2_write_gb_per_second,0.572964603736,GB/s
throughput,ToolAgent,pNFS,1,3,,,60,l2_read_gb_per_second,0.862636110832,GB/s
throughput,ToolAgent,pNFS,1,3,,,60,l2_write_gb_per_second,0.626458446933,GB/s
throughput,ToolAgent,pNFS,1,3,,,65,l2_read_gb_per_second,0.810773373954,GB/s
throughput,ToolAgent,pNFS,1,3,,,65,l2_write_gb_per_second,0.679342860784,GB/s
throughput,ToolAgent,pNFS,1,3,,,70,l2_read_gb_per_second,0.785304257491,GB/s
throughput,ToolAgent,pNFS,1,3,,,70,l2_write_gb_per_second,0.641753552538,GB/s
throughput,ToolAgent,pNFS,1,3,,,75,l2_read_gb_per_second,0.724069401365,GB/s
throughput,ToolAgent,pNFS,1,3,,,75,l2_write_gb_per_second,0.677932520448,GB/s
throughput,ToolAgent,pNFS,1,3,,,80,l2_read_gb_per_second,0.534645412918,GB/s
throughput,ToolAgent,pNFS,1,3,,,80,l2_write_gb_per_second,0.713741681276,GB/s
throughput,ToolAgent,pNFS,1,3,,,85,l2_read_gb_per_second,0.524905427564,GB/s
throughput,ToolAgent,pNFS,1,3,,,85,l2_write_gb_per_second,0.68611677243,GB/s
throughput,ToolAgent,pNFS,1,3,,,90,l2_read_gb_per_second,0.511028768155,GB/s
throughput,ToolAgent,pNFS,1,3,,,90,l2_write_gb_per_second,0.644902914981,GB/s
throughput,ToolAgent,pNFS,1,3,,,95,l2_read_gb_per_second,0.522472837455,GB/s
throughput,ToolAgent,pNFS,1,3,,,95,l2_write_gb_per_second,0.588082530896,GB/s
throughput,ToolAgent,pNFS,1,3,,,100,l2_read_gb_per_second,0.629090765208,GB/s
throughput,ToolAgent,pNFS,1,3,,,100,l2_write_gb_per_second,0.501526389936,GB/s
throughput,ToolAgent,pNFS,1,3,,,105,l2_read_gb_per_second,0.766817752546,GB/s
throughput,ToolAgent,pNFS,1,3,,,105,l2_write_gb_per_second,0.467494847739,GB/s
throughput,ToolAgent,pNFS,1,3,,,110,l2_read_gb_per_second,0.837999113952,GB/s
throughput,ToolAgent,pNFS,1,3,,,110,l2_write_gb_per_second,0.37507259269,GB/s
throughput,ToolAgent,pNFS,1,3,,,115,l2_read_gb_per_second,0.826464025458,GB/s
throughput,ToolAgent,pNFS,1,3,,,115,l2_write_gb_per_second,0.389390056563,GB/s
throughput,ToolAgent,pNFS,1,3,,,120,l2_read_gb_per_second,0.788257798767,GB/s
throughput,ToolAgent,pNFS,1,3,,,120,l2_write_gb_per_second,0.473780448724,GB/s
throughput,WildClaw,3FS,1,1,,,0,l2_read_gb_per_second,0.799208732493,GB/s
throughput,WildClaw,3FS,1,1,,,0,l2_write_gb_per_second,0.571299885454,GB/s
throughput,WildClaw,3FS,1,1,,,5,l2_read_gb_per_second,0.908958153023,GB/s
throughput,WildClaw,3FS,1,1,,,5,l2_write_gb_per_second,0.55529099583,GB/s
throughput,WildClaw,3FS,1,1,,,10,l2_read_gb_per_second,0.852891127805,GB/s
throughput,WildClaw,3FS,1,1,,,10,l2_write_gb_per_second,0.470164915547,GB/s
throughput,WildClaw,3FS,1,1,,,15,l2_read_gb_per_second,0.744590110104,GB/s
throughput,WildClaw,3FS,1,1,,,15,l2_write_gb_per_second,0.398245317803,GB/s
throughput,WildClaw,3FS,1,1,,,20,l2_read_gb_per_second,0.720075283578,GB/s
throughput,WildClaw,3FS,1,1,,,20,l2_write_gb_per_second,0.311106096063,GB/s
throughput,WildClaw,3FS,1,1,,,25,l2_read_gb_per_second,0.635857601515,GB/s
throughput,WildClaw,3FS,1,1,,,25,l2_write_gb_per_second,0.29972985801,GB/s
throughput,WildClaw,3FS,1,1,,,30,l2_read_gb_per_second,0.555227597486,GB/s
throughput,WildClaw,3FS,1,1,,,30,l2_write_gb_per_second,0.353456441717,GB/s
throughput,WildClaw,3FS,1,1,,,35,l2_read_gb_per_second,0.73339746974,GB/s
throughput,WildClaw,3FS,1,1,,,35,l2_write_gb_per_second,0.475940486648,GB/s
throughput,WildClaw,3FS,1,1,,,40,l2_read_gb_per_second,0.811281704583,GB/s
throughput,WildClaw,3FS,1,1,,,40,l2_write_gb_per_second,0.599616161032,GB/s
throughput,WildClaw,3FS,1,1,,,45,l2_read_gb_per_second,0.892171775399,GB/s
throughput,WildClaw,3FS,1,1,,,45,l2_write_gb_per_second,0.6461843812,GB/s
throughput,WildClaw,3FS,1,1,,,50,l2_read_gb_per_second,1.05979064076,GB/s
throughput,WildClaw,3FS,1,1,,,50,l2_write_gb_per_second,0.654921252849,GB/s
throughput,WildClaw,3FS,1,1,,,55,l2_read_gb_per_second,0.921917773017,GB/s
throughput,WildClaw,3FS,1,1,,,55,l2_write_gb_per_second,0.643848844887,GB/s
throughput,WildClaw,3FS,1,1,,,60,l2_read_gb_per_second,0.974134341915,GB/s
throughput,WildClaw,3FS,1,1,,,60,l2_write_gb_per_second,0.690326358509,GB/s
throughput,WildClaw,3FS,1,1,,,65,l2_read_gb_per_second,0.936334952866,GB/s
throughput,WildClaw,3FS,1,1,,,65,l2_write_gb_per_second,0.683960487203,GB/s
throughput,WildClaw,3FS,1,1,,,70,l2_read_gb_per_second,0.885516875409,GB/s
throughput,WildClaw,3FS,1,1,,,70,l2_write_gb_per_second,0.707461916273,GB/s
throughput,WildClaw,3FS,1,1,,,75,l2_read_gb_per_second,0.838197286117,GB/s
throughput,WildClaw,3FS,1,1,,,75,l2_write_gb_per_second,0.758454045613,GB/s
throughput,WildClaw,3FS,1,1,,,80,l2_read_gb_per_second,0.683528798978,GB/s
throughput,WildClaw,3FS,1,1,,,80,l2_write_gb_per_second,0.762276076831,GB/s
throughput,WildClaw,3FS,1,1,,,85,l2_read_gb_per_second,0.622734956093,GB/s
throughput,WildClaw,3FS,1,1,,,85,l2_write_gb_per_second,0.71633259533,GB/s
throughput,WildClaw,3FS,1,1,,,90,l2_read_gb_per_second,0.634211425527,GB/s
throughput,WildClaw,3FS,1,1,,,90,l2_write_gb_per_second,0.662760092757,GB/s
throughput,WildClaw,3FS,1,1,,,95,l2_read_gb_per_second,0.57551772565,GB/s
throughput,WildClaw,3FS,1,1,,,95,l2_write_gb_per_second,0.645205574879,GB/s
throughput,WildClaw,3FS,1,1,,,100,l2_read_gb_per_second,0.553606479989,GB/s
throughput,WildClaw,3FS,1,1,,,100,l2_write_gb_per_second,0.494778388844,GB/s
throughput,WildClaw,3FS,1,1,,,105,l2_read_gb_per_second,0.717131764432,GB/s
throughput,WildClaw,3FS,1,1,,,105,l2_write_gb_per_second,0.427206769918,GB/s
throughput,WildClaw,3FS,1,1,,,110,l2_read_gb_per_second,0.772106766893,GB/s
throughput,WildClaw,3FS,1,1,,,110,l2_write_gb_per_second,0.368804032861,GB/s
throughput,WildClaw,3FS,1,1,,,115,l2_read_gb_per_second,0.887676793747,GB/s
throughput,WildClaw,3FS,1,1,,,115,l2_write_gb_per_second,0.382689649241,GB/s
throughput,WildClaw,3FS,1,1,,,120,l2_read_gb_per_second,0.941146194177,GB/s
throughput,WildClaw,3FS,1,1,,,120,l2_write_gb_per_second,0.4643739986,GB/s
throughput,WildClaw,3FS,1,2,,,0,l2_read_gb_per_second,0.797282988208,GB/s
throughput,WildClaw,3FS,1,2,,,0,l2_write_gb_per_second,0.621493245538,GB/s
throughput,WildClaw,3FS,1,2,,,5,l2_read_gb_per_second,0.880967625007,GB/s
throughput,WildClaw,3FS,1,2,,,5,l2_write_gb_per_second,0.538919211757,GB/s
throughput,WildClaw,3FS,1,2,,,10,l2_read_gb_per_second,0.83903088278,GB/s
throughput,WildClaw,3FS,1,2,,,10,l2_write_gb_per_second,0.51301208095,GB/s
throughput,WildClaw,3FS,1,2,,,15,l2_read_gb_per_second,0.747991022706,GB/s
throughput,WildClaw,3FS,1,2,,,15,l2_write_gb_per_second,0.452474959987,GB/s
throughput,WildClaw,3FS,1,2,,,20,l2_read_gb_per_second,0.702650675857,GB/s
throughput,WildClaw,3FS,1,2,,,20,l2_write_gb_per_second,0.332136084332,GB/s
throughput,WildClaw,3FS,1,2,,,25,l2_read_gb_per_second,0.616619750933,GB/s
throughput,WildClaw,3FS,1,2,,,25,l2_write_gb_per_second,0.339916857719,GB/s
throughput,WildClaw,3FS,1,2,,,30,l2_read_gb_per_second,0.660931096367,GB/s
throughput,WildClaw,3FS,1,2,,,30,l2_write_gb_per_second,0.366403875723,GB/s
throughput,WildClaw,3FS,1,2,,,35,l2_read_gb_per_second,0.696817906785,GB/s
throughput,WildClaw,3FS,1,2,,,35,l2_write_gb_per_second,0.472174596636,GB/s
throughput,WildClaw,3FS,1,2,,,40,l2_read_gb_per_second,0.870508460475,GB/s
throughput,WildClaw,3FS,1,2,,,40,l2_write_gb_per_second,0.535599342662,GB/s
throughput,WildClaw,3FS,1,2,,,45,l2_read_gb_per_second,1.01213892385,GB/s
throughput,WildClaw,3FS,1,2,,,45,l2_write_gb_per_second,0.683438441737,GB/s
throughput,WildClaw,3FS,1,2,,,50,l2_read_gb_per_second,1.03339342891,GB/s
throughput,WildClaw,3FS,1,2,,,50,l2_write_gb_per_second,0.721568126433,GB/s
throughput,WildClaw,3FS,1,2,,,55,l2_read_gb_per_second,0.993793713345,GB/s
throughput,WildClaw,3FS,1,2,,,55,l2_write_gb_per_second,0.725495074653,GB/s
throughput,WildClaw,3FS,1,2,,,60,l2_read_gb_per_second,0.948749252719,GB/s
throughput,WildClaw,3FS,1,2,,,60,l2_write_gb_per_second,0.748439946987,GB/s
throughput,WildClaw,3FS,1,2,,,65,l2_read_gb_per_second,0.941509871183,GB/s
throughput,WildClaw,3FS,1,2,,,65,l2_write_gb_per_second,0.765480227724,GB/s
throughput,WildClaw,3FS,1,2,,,70,l2_read_gb_per_second,0.813541905536,GB/s
throughput,WildClaw,3FS,1,2,,,70,l2_write_gb_per_second,0.77403581835,GB/s
throughput,WildClaw,3FS,1,2,,,75,l2_read_gb_per_second,0.851226433297,GB/s
throughput,WildClaw,3FS,1,2,,,75,l2_write_gb_per_second,0.816578129103,GB/s
throughput,WildClaw,3FS,1,2,,,80,l2_read_gb_per_second,0.688401489901,GB/s
throughput,WildClaw,3FS,1,2,,,80,l2_write_gb_per_second,0.714395335223,GB/s
throughput,WildClaw,3FS,1,2,,,85,l2_read_gb_per_second,0.596206079097,GB/s
throughput,WildClaw,3FS,1,2,,,85,l2_write_gb_per_second,0.713113209909,GB/s
throughput,WildClaw,3FS,1,2,,,90,l2_read_gb_per_second,0.574168757359,GB/s
throughput,WildClaw,3FS,1,2,,,90,l2_write_gb_per_second,0.719834355852,GB/s
throughput,WildClaw,3FS,1,2,,,95,l2_read_gb_per_second,0.578493680534,GB/s
throughput,WildClaw,3FS,1,2,,,95,l2_write_gb_per_second,0.561904712079,GB/s
throughput,WildClaw,3FS,1,2,,,100,l2_read_gb_per_second,0.593019719277,GB/s
throughput,WildClaw,3FS,1,2,,,100,l2_write_gb_per_second,0.497694190982,GB/s
throughput,WildClaw,3FS,1,2,,,105,l2_read_gb_per_second,0.73235113609,GB/s
throughput,WildClaw,3FS,1,2,,,105,l2_write_gb_per_second,0.356639284243,GB/s
throughput,WildClaw,3FS,1,2,,,110,l2_read_gb_per_second,0.785588950153,GB/s
throughput,WildClaw,3FS,1,2,,,110,l2_write_gb_per_second,0.423311293652,GB/s
throughput,WildClaw,3FS,1,2,,,115,l2_read_gb_per_second,0.859952020186,GB/s
throughput,WildClaw,3FS,1,2,,,115,l2_write_gb_per_second,0.406252250072,GB/s
throughput,WildClaw,3FS,1,2,,,120,l2_read_gb_per_second,0.902580877307,GB/s
throughput,WildClaw,3FS,1,2,,,120,l2_write_gb_per_second,0.489793717751,GB/s
throughput,WildClaw,3FS,1,3,,,0,l2_read_gb_per_second,0.815716886557,GB/s
throughput,WildClaw,3FS,1,3,,,0,l2_write_gb_per_second,0.653575934014,GB/s
throughput,WildClaw,3FS,1,3,,,5,l2_read_gb_per_second,0.903694910117,GB/s
throughput,WildClaw,3FS,1,3,,,5,l2_write_gb_per_second,0.613473444834,GB/s
throughput,WildClaw,3FS,1,3,,,10,l2_read_gb_per_second,0.853740991165,GB/s
throughput,WildClaw,3FS,1,3,,,10,l2_write_gb_per_second,0.607293524398,GB/s
throughput,WildClaw,3FS,1,3,,,15,l2_read_gb_per_second,0.83516717151,GB/s
throughput,WildClaw,3FS,1,3,,,15,l2_write_gb_per_second,0.407984023898,GB/s
throughput,WildClaw,3FS,1,3,,,20,l2_read_gb_per_second,0.723260471869,GB/s
throughput,WildClaw,3FS,1,3,,,20,l2_write_gb_per_second,0.363575794374,GB/s
throughput,WildClaw,3FS,1,3,,,25,l2_read_gb_per_second,0.618208786288,GB/s
throughput,WildClaw,3FS,1,3,,,25,l2_write_gb_per_second,0.362667226455,GB/s
throughput,WildClaw,3FS,1,3,,,30,l2_read_gb_per_second,0.643183291256,GB/s
throughput,WildClaw,3FS,1,3,,,30,l2_write_gb_per_second,0.456273646693,GB/s
throughput,WildClaw,3FS,1,3,,,35,l2_read_gb_per_second,0.767749270827,GB/s
throughput,WildClaw,3FS,1,3,,,35,l2_write_gb_per_second,0.4518312028,GB/s
throughput,WildClaw,3FS,1,3,,,40,l2_read_gb_per_second,0.868452435312,GB/s
throughput,WildClaw,3FS,1,3,,,40,l2_write_gb_per_second,0.609148750814,GB/s
throughput,WildClaw,3FS,1,3,,,45,l2_read_gb_per_second,0.944843290944,GB/s
throughput,WildClaw,3FS,1,3,,,45,l2_write_gb_per_second,0.681908139262,GB/s
throughput,WildClaw,3FS,1,3,,,50,l2_read_gb_per_second,1.06470832036,GB/s
throughput,WildClaw,3FS,1,3,,,50,l2_write_gb_per_second,0.720181207695,GB/s
throughput,WildClaw,3FS,1,3,,,55,l2_read_gb_per_second,1.04095177158,GB/s
throughput,WildClaw,3FS,1,3,,,55,l2_write_gb_per_second,0.717983473993,GB/s
throughput,WildClaw,3FS,1,3,,,60,l2_read_gb_per_second,0.976868780756,GB/s
throughput,WildClaw,3FS,1,3,,,60,l2_write_gb_per_second,0.738727516485,GB/s
throughput,WildClaw,3FS,1,3,,,65,l2_read_gb_per_second,0.943566612431,GB/s
throughput,WildClaw,3FS,1,3,,,65,l2_write_gb_per_second,0.778235759625,GB/s
throughput,WildClaw,3FS,1,3,,,70,l2_read_gb_per_second,0.820935957535,GB/s
throughput,WildClaw,3FS,1,3,,,70,l2_write_gb_per_second,0.765737566855,GB/s
throughput,WildClaw,3FS,1,3,,,75,l2_read_gb_per_second,0.784368377769,GB/s
throughput,WildClaw,3FS,1,3,,,75,l2_write_gb_per_second,0.790388328908,GB/s
throughput,WildClaw,3FS,1,3,,,80,l2_read_gb_per_second,0.768713226198,GB/s
throughput,WildClaw,3FS,1,3,,,80,l2_write_gb_per_second,0.819259194785,GB/s
throughput,WildClaw,3FS,1,3,,,85,l2_read_gb_per_second,0.658940010651,GB/s
throughput,WildClaw,3FS,1,3,,,85,l2_write_gb_per_second,0.725324160357,GB/s
throughput,WildClaw,3FS,1,3,,,90,l2_read_gb_per_second,0.554312650356,GB/s
throughput,WildClaw,3FS,1,3,,,90,l2_write_gb_per_second,0.735705514282,GB/s
throughput,WildClaw,3FS,1,3,,,95,l2_read_gb_per_second,0.570763726572,GB/s
throughput,WildClaw,3FS,1,3,,,95,l2_write_gb_per_second,0.643661702003,GB/s
throughput,WildClaw,3FS,1,3,,,100,l2_read_gb_per_second,0.634859362947,GB/s
throughput,WildClaw,3FS,1,3,,,100,l2_write_gb_per_second,0.524081862167,GB/s
throughput,WildClaw,3FS,1,3,,,105,l2_read_gb_per_second,0.745215676408,GB/s
throughput,WildClaw,3FS,1,3,,,105,l2_write_gb_per_second,0.46236971437,GB/s
throughput,WildClaw,3FS,1,3,,,110,l2_read_gb_per_second,0.810734232144,GB/s
throughput,WildClaw,3FS,1,3,,,110,l2_write_gb_per_second,0.39667034523,GB/s
throughput,WildClaw,3FS,1,3,,,115,l2_read_gb_per_second,0.859148626218,GB/s
throughput,WildClaw,3FS,1,3,,,115,l2_write_gb_per_second,0.455016373623,GB/s
throughput,WildClaw,3FS,1,3,,,120,l2_read_gb_per_second,0.906271391506,GB/s
throughput,WildClaw,3FS,1,3,,,120,l2_write_gb_per_second,0.544301162133,GB/s
throughput,WildClaw,fs-native,1,1,,,0,l2_read_gb_per_second,0.478409626747,GB/s
throughput,WildClaw,fs-native,1,1,,,0,l2_write_gb_per_second,0.437290441103,GB/s
throughput,WildClaw,fs-native,1,1,,,5,l2_read_gb_per_second,0.60841204294,GB/s
throughput,WildClaw,fs-native,1,1,,,5,l2_write_gb_per_second,0.317144003433,GB/s
throughput,WildClaw,fs-native,1,1,,,10,l2_read_gb_per_second,0.573360026425,GB/s
throughput,WildClaw,fs-native,1,1,,,10,l2_write_gb_per_second,0.291880498859,GB/s
throughput,WildClaw,fs-native,1,1,,,15,l2_read_gb_per_second,0.5775126297,GB/s
throughput,WildClaw,fs-native,1,1,,,15,l2_write_gb_per_second,0.351043932232,GB/s
throughput,WildClaw,fs-native,1,1,,,20,l2_read_gb_per_second,0.455677877486,GB/s
throughput,WildClaw,fs-native,1,1,,,20,l2_write_gb_per_second,0.23351820009,GB/s
throughput,WildClaw,fs-native,1,1,,,25,l2_read_gb_per_second,0.408838998445,GB/s
throughput,WildClaw,fs-native,1,1,,,25,l2_write_gb_per_second,0.234691298383,GB/s
throughput,WildClaw,fs-native,1,1,,,30,l2_read_gb_per_second,0.468938589558,GB/s
throughput,WildClaw,fs-native,1,1,,,30,l2_write_gb_per_second,0.239962149901,GB/s
throughput,WildClaw,fs-native,1,1,,,35,l2_read_gb_per_second,0.478291328098,GB/s
throughput,WildClaw,fs-native,1,1,,,35,l2_write_gb_per_second,0.356283476798,GB/s
throughput,WildClaw,fs-native,1,1,,,40,l2_read_gb_per_second,0.592513738408,GB/s
throughput,WildClaw,fs-native,1,1,,,40,l2_write_gb_per_second,0.333728553301,GB/s
throughput,WildClaw,fs-native,1,1,,,45,l2_read_gb_per_second,0.633510867787,GB/s
throughput,WildClaw,fs-native,1,1,,,45,l2_write_gb_per_second,0.461916724156,GB/s
throughput,WildClaw,fs-native,1,1,,,50,l2_read_gb_per_second,0.698031360708,GB/s
throughput,WildClaw,fs-native,1,1,,,50,l2_write_gb_per_second,0.47518370694,GB/s
throughput,WildClaw,fs-native,1,1,,,55,l2_read_gb_per_second,0.680414176566,GB/s
throughput,WildClaw,fs-native,1,1,,,55,l2_write_gb_per_second,0.4642261214,GB/s
throughput,WildClaw,fs-native,1,1,,,60,l2_read_gb_per_second,0.668363240886,GB/s
throughput,WildClaw,fs-native,1,1,,,60,l2_write_gb_per_second,0.477268054937,GB/s
throughput,WildClaw,fs-native,1,1,,,65,l2_read_gb_per_second,0.620750821422,GB/s
throughput,WildClaw,fs-native,1,1,,,65,l2_write_gb_per_second,0.461232941719,GB/s
throughput,WildClaw,fs-native,1,1,,,70,l2_read_gb_per_second,0.631142534353,GB/s
throughput,WildClaw,fs-native,1,1,,,70,l2_write_gb_per_second,0.498171527398,GB/s
throughput,WildClaw,fs-native,1,1,,,75,l2_read_gb_per_second,0.504060026953,GB/s
throughput,WildClaw,fs-native,1,1,,,75,l2_write_gb_per_second,0.514836220674,GB/s
throughput,WildClaw,fs-native,1,1,,,80,l2_read_gb_per_second,0.44659834242,GB/s
throughput,WildClaw,fs-native,1,1,,,80,l2_write_gb_per_second,0.471011514638,GB/s
throughput,WildClaw,fs-native,1,1,,,85,l2_read_gb_per_second,0.449451603229,GB/s
throughput,WildClaw,fs-native,1,1,,,85,l2_write_gb_per_second,0.519928589563,GB/s
throughput,WildClaw,fs-native,1,1,,,90,l2_read_gb_per_second,0.422449972421,GB/s
throughput,WildClaw,fs-native,1,1,,,90,l2_write_gb_per_second,0.481890804151,GB/s
throughput,WildClaw,fs-native,1,1,,,95,l2_read_gb_per_second,0.397295782294,GB/s
throughput,WildClaw,fs-native,1,1,,,95,l2_write_gb_per_second,0.390804464439,GB/s
throughput,WildClaw,fs-native,1,1,,,100,l2_read_gb_per_second,0.413926289914,GB/s
throughput,WildClaw,fs-native,1,1,,,100,l2_write_gb_per_second,0.288879187205,GB/s
throughput,WildClaw,fs-native,1,1,,,105,l2_read_gb_per_second,0.46717112715,GB/s
throughput,WildClaw,fs-native,1,1,,,105,l2_write_gb_per_second,0.307325348211,GB/s
throughput,WildClaw,fs-native,1,1,,,110,l2_read_gb_per_second,0.529889246238,GB/s
throughput,WildClaw,fs-native,1,1,,,110,l2_write_gb_per_second,0.313563603678,GB/s
throughput,WildClaw,fs-native,1,1,,,115,l2_read_gb_per_second,0.567804793465,GB/s
throughput,WildClaw,fs-native,1,1,,,115,l2_write_gb_per_second,0.322764151551,GB/s
throughput,WildClaw,fs-native,1,1,,,120,l2_read_gb_per_second,0.585449197736,GB/s
throughput,WildClaw,fs-native,1,1,,,120,l2_write_gb_per_second,0.331983818154,GB/s
throughput,WildClaw,fs-native,1,2,,,0,l2_read_gb_per_second,0.538449604961,GB/s
throughput,WildClaw,fs-native,1,2,,,0,l2_write_gb_per_second,0.469908471008,GB/s
throughput,WildClaw,fs-native,1,2,,,5,l2_read_gb_per_second,0.60269330378,GB/s
throughput,WildClaw,fs-native,1,2,,,5,l2_write_gb_per_second,0.426437102612,GB/s
throughput,WildClaw,fs-native,1,2,,,10,l2_read_gb_per_second,0.583931573591,GB/s
throughput,WildClaw,fs-native,1,2,,,10,l2_write_gb_per_second,0.36201680551,GB/s
throughput,WildClaw,fs-native,1,2,,,15,l2_read_gb_per_second,0.487145033116,GB/s
throughput,WildClaw,fs-native,1,2,,,15,l2_write_gb_per_second,0.246609005491,GB/s
throughput,WildClaw,fs-native,1,2,,,20,l2_read_gb_per_second,0.498110852065,GB/s
throughput,WildClaw,fs-native,1,2,,,20,l2_write_gb_per_second,0.217470571973,GB/s
throughput,WildClaw,fs-native,1,2,,,25,l2_read_gb_per_second,0.407623541284,GB/s
throughput,WildClaw,fs-native,1,2,,,25,l2_write_gb_per_second,0.258255115547,GB/s
throughput,WildClaw,fs-native,1,2,,,30,l2_read_gb_per_second,0.487760025253,GB/s
throughput,WildClaw,fs-native,1,2,,,30,l2_write_gb_per_second,0.275344674292,GB/s
throughput,WildClaw,fs-native,1,2,,,35,l2_read_gb_per_second,0.51822112975,GB/s
throughput,WildClaw,fs-native,1,2,,,35,l2_write_gb_per_second,0.326453373627,GB/s
throughput,WildClaw,fs-native,1,2,,,40,l2_read_gb_per_second,0.626632226338,GB/s
throughput,WildClaw,fs-native,1,2,,,40,l2_write_gb_per_second,0.360731358973,GB/s
throughput,WildClaw,fs-native,1,2,,,45,l2_read_gb_per_second,0.647340071849,GB/s
throughput,WildClaw,fs-native,1,2,,,45,l2_write_gb_per_second,0.448910713537,GB/s
throughput,WildClaw,fs-native,1,2,,,50,l2_read_gb_per_second,0.669167451088,GB/s
throughput,WildClaw,fs-native,1,2,,,50,l2_write_gb_per_second,0.4979823665,GB/s
throughput,WildClaw,fs-native,1,2,,,55,l2_read_gb_per_second,0.651614507024,GB/s
throughput,WildClaw,fs-native,1,2,,,55,l2_write_gb_per_second,0.495660191568,GB/s
throughput,WildClaw,fs-native,1,2,,,60,l2_read_gb_per_second,0.687327034275,GB/s
throughput,WildClaw,fs-native,1,2,,,60,l2_write_gb_per_second,0.478733304575,GB/s
throughput,WildClaw,fs-native,1,2,,,65,l2_read_gb_per_second,0.633880341183,GB/s
throughput,WildClaw,fs-native,1,2,,,65,l2_write_gb_per_second,0.486281393865,GB/s
throughput,WildClaw,fs-native,1,2,,,70,l2_read_gb_per_second,0.57764898068,GB/s
throughput,WildClaw,fs-native,1,2,,,70,l2_write_gb_per_second,0.490404760889,GB/s
throughput,WildClaw,fs-native,1,2,,,75,l2_read_gb_per_second,0.600183729268,GB/s
throughput,WildClaw,fs-native,1,2,,,75,l2_write_gb_per_second,0.502289716281,GB/s
throughput,WildClaw,fs-native,1,2,,,80,l2_read_gb_per_second,0.51254910328,GB/s
throughput,WildClaw,fs-native,1,2,,,80,l2_write_gb_per_second,0.476128116732,GB/s
throughput,WildClaw,fs-native,1,2,,,85,l2_read_gb_per_second,0.446611026711,GB/s
throughput,WildClaw,fs-native,1,2,,,85,l2_write_gb_per_second,0.510869726418,GB/s
throughput,WildClaw,fs-native,1,2,,,90,l2_read_gb_per_second,0.417465470994,GB/s
throughput,WildClaw,fs-native,1,2,,,90,l2_write_gb_per_second,0.464993705809,GB/s
throughput,WildClaw,fs-native,1,2,,,95,l2_read_gb_per_second,0.372347319258,GB/s
throughput,WildClaw,fs-native,1,2,,,95,l2_write_gb_per_second,0.455817150645,GB/s
throughput,WildClaw,fs-native,1,2,,,100,l2_read_gb_per_second,0.414516586798,GB/s
throughput,WildClaw,fs-native,1,2,,,100,l2_write_gb_per_second,0.378534157568,GB/s
throughput,WildClaw,fs-native,1,2,,,105,l2_read_gb_per_second,0.497883386318,GB/s
throughput,WildClaw,fs-native,1,2,,,105,l2_write_gb_per_second,0.316423994937,GB/s
throughput,WildClaw,fs-native,1,2,,,110,l2_read_gb_per_second,0.584960403986,GB/s
throughput,WildClaw,fs-native,1,2,,,110,l2_write_gb_per_second,0.277898415319,GB/s
throughput,WildClaw,fs-native,1,2,,,115,l2_read_gb_per_second,0.561869780868,GB/s
throughput,WildClaw,fs-native,1,2,,,115,l2_write_gb_per_second,0.305407937341,GB/s
throughput,WildClaw,fs-native,1,2,,,120,l2_read_gb_per_second,0.623325766973,GB/s
throughput,WildClaw,fs-native,1,2,,,120,l2_write_gb_per_second,0.332226066258,GB/s
throughput,WildClaw,fs-native,1,3,,,0,l2_read_gb_per_second,0.605974755166,GB/s
throughput,WildClaw,fs-native,1,3,,,0,l2_write_gb_per_second,0.430601499114,GB/s
throughput,WildClaw,fs-native,1,3,,,5,l2_read_gb_per_second,0.664469806047,GB/s
throughput,WildClaw,fs-native,1,3,,,5,l2_write_gb_per_second,0.39171359581,GB/s
throughput,WildClaw,fs-native,1,3,,,10,l2_read_gb_per_second,0.610571247963,GB/s
throughput,WildClaw,fs-native,1,3,,,10,l2_write_gb_per_second,0.354150762639,GB/s
throughput,WildClaw,fs-native,1,3,,,15,l2_read_gb_per_second,0.564853845835,GB/s
throughput,WildClaw,fs-native,1,3,,,15,l2_write_gb_per_second,0.323179085319,GB/s
throughput,WildClaw,fs-native,1,3,,,20,l2_read_gb_per_second,0.485736357036,GB/s
throughput,WildClaw,fs-native,1,3,,,20,l2_write_gb_per_second,0.190905229377,GB/s
throughput,WildClaw,fs-native,1,3,,,25,l2_read_gb_per_second,0.456647221374,GB/s
throughput,WildClaw,fs-native,1,3,,,25,l2_write_gb_per_second,0.193701205912,GB/s
throughput,WildClaw,fs-native,1,3,,,30,l2_read_gb_per_second,0.490752800265,GB/s
throughput,WildClaw,fs-native,1,3,,,30,l2_write_gb_per_second,0.263816095337,GB/s
throughput,WildClaw,fs-native,1,3,,,35,l2_read_gb_per_second,0.52076847565,GB/s
throughput,WildClaw,fs-native,1,3,,,35,l2_write_gb_per_second,0.290125944742,GB/s
throughput,WildClaw,fs-native,1,3,,,40,l2_read_gb_per_second,0.606166276984,GB/s
throughput,WildClaw,fs-native,1,3,,,40,l2_write_gb_per_second,0.396950975154,GB/s
throughput,WildClaw,fs-native,1,3,,,45,l2_read_gb_per_second,0.655317101431,GB/s
throughput,WildClaw,fs-native,1,3,,,45,l2_write_gb_per_second,0.475097174763,GB/s
throughput,WildClaw,fs-native,1,3,,,50,l2_read_gb_per_second,0.702152682494,GB/s
throughput,WildClaw,fs-native,1,3,,,50,l2_write_gb_per_second,0.497421848057,GB/s
throughput,WildClaw,fs-native,1,3,,,55,l2_read_gb_per_second,0.671481185636,GB/s
throughput,WildClaw,fs-native,1,3,,,55,l2_write_gb_per_second,0.462699288467,GB/s
throughput,WildClaw,fs-native,1,3,,,60,l2_read_gb_per_second,0.697324093392,GB/s
throughput,WildClaw,fs-native,1,3,,,60,l2_write_gb_per_second,0.532529858579,GB/s
throughput,WildClaw,fs-native,1,3,,,65,l2_read_gb_per_second,0.657938789128,GB/s
throughput,WildClaw,fs-native,1,3,,,65,l2_write_gb_per_second,0.528186292291,GB/s
throughput,WildClaw,fs-native,1,3,,,70,l2_read_gb_per_second,0.657317390486,GB/s
throughput,WildClaw,fs-native,1,3,,,70,l2_write_gb_per_second,0.54817886275,GB/s
throughput,WildClaw,fs-native,1,3,,,75,l2_read_gb_per_second,0.56049404686,GB/s
throughput,WildClaw,fs-native,1,3,,,75,l2_write_gb_per_second,0.541517821047,GB/s
throughput,WildClaw,fs-native,1,3,,,80,l2_read_gb_per_second,0.490379026097,GB/s
throughput,WildClaw,fs-native,1,3,,,80,l2_write_gb_per_second,0.506615112445,GB/s
throughput,WildClaw,fs-native,1,3,,,85,l2_read_gb_per_second,0.472608910745,GB/s
throughput,WildClaw,fs-native,1,3,,,85,l2_write_gb_per_second,0.533373921335,GB/s
throughput,WildClaw,fs-native,1,3,,,90,l2_read_gb_per_second,0.384163112811,GB/s
throughput,WildClaw,fs-native,1,3,,,90,l2_write_gb_per_second,0.460575849608,GB/s
throughput,WildClaw,fs-native,1,3,,,95,l2_read_gb_per_second,0.437636895846,GB/s
throughput,WildClaw,fs-native,1,3,,,95,l2_write_gb_per_second,0.431621020457,GB/s
throughput,WildClaw,fs-native,1,3,,,100,l2_read_gb_per_second,0.443312886404,GB/s
throughput,WildClaw,fs-native,1,3,,,100,l2_write_gb_per_second,0.347682478046,GB/s
throughput,WildClaw,fs-native,1,3,,,105,l2_read_gb_per_second,0.514107116296,GB/s
throughput,WildClaw,fs-native,1,3,,,105,l2_write_gb_per_second,0.332156905642,GB/s
throughput,WildClaw,fs-native,1,3,,,110,l2_read_gb_per_second,0.543197795391,GB/s
throughput,WildClaw,fs-native,1,3,,,110,l2_write_gb_per_second,0.308585902643,GB/s
throughput,WildClaw,fs-native,1,3,,,115,l2_read_gb_per_second,0.614798961657,GB/s
throughput,WildClaw,fs-native,1,3,,,115,l2_write_gb_per_second,0.331433306459,GB/s
throughput,WildClaw,fs-native,1,3,,,120,l2_read_gb_per_second,0.633076231387,GB/s
throughput,WildClaw,fs-native,1,3,,,120,l2_write_gb_per_second,0.362571064011,GB/s
throughput,WildClaw,pNFS,1,1,,,0,l2_read_gb_per_second,0.655331275327,GB/s
throughput,WildClaw,pNFS,1,1,,,0,l2_write_gb_per_second,0.501934348827,GB/s
throughput,WildClaw,pNFS,1,1,,,5,l2_read_gb_per_second,0.7548724377,GB/s
throughput,WildClaw,pNFS,1,1,,,5,l2_write_gb_per_second,0.434275854681,GB/s
throughput,WildClaw,pNFS,1,1,,,10,l2_read_gb_per_second,0.72948116729,GB/s
throughput,WildClaw,pNFS,1,1,,,10,l2_write_gb_per_second,0.402002940709,GB/s
throughput,WildClaw,pNFS,1,1,,,15,l2_read_gb_per_second,0.713783712634,GB/s
throughput,WildClaw,pNFS,1,1,,,15,l2_write_gb_per_second,0.405924139359,GB/s
throughput,WildClaw,pNFS,1,1,,,20,l2_read_gb_per_second,0.58881691912,GB/s
throughput,WildClaw,pNFS,1,1,,,20,l2_write_gb_per_second,0.290990773853,GB/s
throughput,WildClaw,pNFS,1,1,,,25,l2_read_gb_per_second,0.54286938619,GB/s
throughput,WildClaw,pNFS,1,1,,,25,l2_write_gb_per_second,0.243929017341,GB/s
throughput,WildClaw,pNFS,1,1,,,30,l2_read_gb_per_second,0.553597985428,GB/s
throughput,WildClaw,pNFS,1,1,,,30,l2_write_gb_per_second,0.290300076584,GB/s
throughput,WildClaw,pNFS,1,1,,,35,l2_read_gb_per_second,0.605567823586,GB/s
throughput,WildClaw,pNFS,1,1,,,35,l2_write_gb_per_second,0.397989428392,GB/s
throughput,WildClaw,pNFS,1,1,,,40,l2_read_gb_per_second,0.763592163046,GB/s
throughput,WildClaw,pNFS,1,1,,,40,l2_write_gb_per_second,0.51786072893,GB/s
throughput,WildClaw,pNFS,1,1,,,45,l2_read_gb_per_second,0.811113836791,GB/s
throughput,WildClaw,pNFS,1,1,,,45,l2_write_gb_per_second,0.527983180131,GB/s
throughput,WildClaw,pNFS,1,1,,,50,l2_read_gb_per_second,0.851425988292,GB/s
throughput,WildClaw,pNFS,1,1,,,50,l2_write_gb_per_second,0.532576727474,GB/s
throughput,WildClaw,pNFS,1,1,,,55,l2_read_gb_per_second,0.817988391864,GB/s
throughput,WildClaw,pNFS,1,1,,,55,l2_write_gb_per_second,0.571327330067,GB/s
throughput,WildClaw,pNFS,1,1,,,60,l2_read_gb_per_second,0.805222200836,GB/s
throughput,WildClaw,pNFS,1,1,,,60,l2_write_gb_per_second,0.566786282663,GB/s
throughput,WildClaw,pNFS,1,1,,,65,l2_read_gb_per_second,0.735939944985,GB/s
throughput,WildClaw,pNFS,1,1,,,65,l2_write_gb_per_second,0.566682752527,GB/s
throughput,WildClaw,pNFS,1,1,,,70,l2_read_gb_per_second,0.761844531352,GB/s
throughput,WildClaw,pNFS,1,1,,,70,l2_write_gb_per_second,0.647187004795,GB/s
throughput,WildClaw,pNFS,1,1,,,75,l2_read_gb_per_second,0.681008142075,GB/s
throughput,WildClaw,pNFS,1,1,,,75,l2_write_gb_per_second,0.565832712243,GB/s
throughput,WildClaw,pNFS,1,1,,,80,l2_read_gb_per_second,0.611851384738,GB/s
throughput,WildClaw,pNFS,1,1,,,80,l2_write_gb_per_second,0.651856141559,GB/s
throughput,WildClaw,pNFS,1,1,,,85,l2_read_gb_per_second,0.49533310685,GB/s
throughput,WildClaw,pNFS,1,1,,,85,l2_write_gb_per_second,0.564694298032,GB/s
throughput,WildClaw,pNFS,1,1,,,90,l2_read_gb_per_second,0.426047681477,GB/s
throughput,WildClaw,pNFS,1,1,,,90,l2_write_gb_per_second,0.56098839129,GB/s
throughput,WildClaw,pNFS,1,1,,,95,l2_read_gb_per_second,0.506283850617,GB/s
throughput,WildClaw,pNFS,1,1,,,95,l2_write_gb_per_second,0.495755724378,GB/s
throughput,WildClaw,pNFS,1,1,,,100,l2_read_gb_per_second,0.435915051961,GB/s
throughput,WildClaw,pNFS,1,1,,,100,l2_write_gb_per_second,0.44866009916,GB/s
throughput,WildClaw,pNFS,1,1,,,105,l2_read_gb_per_second,0.524080927872,GB/s
throughput,WildClaw,pNFS,1,1,,,105,l2_write_gb_per_second,0.376001773089,GB/s
throughput,WildClaw,pNFS,1,1,,,110,l2_read_gb_per_second,0.674496893667,GB/s
throughput,WildClaw,pNFS,1,1,,,110,l2_write_gb_per_second,0.379320680985,GB/s
throughput,WildClaw,pNFS,1,1,,,115,l2_read_gb_per_second,0.637053354327,GB/s
throughput,WildClaw,pNFS,1,1,,,115,l2_write_gb_per_second,0.363165004331,GB/s
throughput,WildClaw,pNFS,1,1,,,120,l2_read_gb_per_second,0.767459971845,GB/s
throughput,WildClaw,pNFS,1,1,,,120,l2_write_gb_per_second,0.478086718416,GB/s
throughput,WildClaw,pNFS,1,2,,,0,l2_read_gb_per_second,0.643585383447,GB/s
throughput,WildClaw,pNFS,1,2,,,0,l2_write_gb_per_second,0.540656279731,GB/s
throughput,WildClaw,pNFS,1,2,,,5,l2_read_gb_per_second,0.74284833825,GB/s
throughput,WildClaw,pNFS,1,2,,,5,l2_write_gb_per_second,0.459142923307,GB/s
throughput,WildClaw,pNFS,1,2,,,10,l2_read_gb_per_second,0.729914311167,GB/s
throughput,WildClaw,pNFS,1,2,,,10,l2_write_gb_per_second,0.404824089464,GB/s
throughput,WildClaw,pNFS,1,2,,,15,l2_read_gb_per_second,0.640266513347,GB/s
throughput,WildClaw,pNFS,1,2,,,15,l2_write_gb_per_second,0.402907555335,GB/s
throughput,WildClaw,pNFS,1,2,,,20,l2_read_gb_per_second,0.550951591071,GB/s
throughput,WildClaw,pNFS,1,2,,,20,l2_write_gb_per_second,0.278722429245,GB/s
throughput,WildClaw,pNFS,1,2,,,25,l2_read_gb_per_second,0.483281305817,GB/s
throughput,WildClaw,pNFS,1,2,,,25,l2_write_gb_per_second,0.298023858898,GB/s
throughput,WildClaw,pNFS,1,2,,,30,l2_read_gb_per_second,0.521606888783,GB/s
throughput,WildClaw,pNFS,1,2,,,30,l2_write_gb_per_second,0.26751986325,GB/s
throughput,WildClaw,pNFS,1,2,,,35,l2_read_gb_per_second,0.624651282837,GB/s
throughput,WildClaw,pNFS,1,2,,,35,l2_write_gb_per_second,0.436383014827,GB/s
throughput,WildClaw,pNFS,1,2,,,40,l2_read_gb_per_second,0.70496200426,GB/s
throughput,WildClaw,pNFS,1,2,,,40,l2_write_gb_per_second,0.455857464216,GB/s
throughput,WildClaw,pNFS,1,2,,,45,l2_read_gb_per_second,0.805876578203,GB/s
throughput,WildClaw,pNFS,1,2,,,45,l2_write_gb_per_second,0.54908673733,GB/s
throughput,WildClaw,pNFS,1,2,,,50,l2_read_gb_per_second,0.813612017765,GB/s
throughput,WildClaw,pNFS,1,2,,,50,l2_write_gb_per_second,0.552804595861,GB/s
throughput,WildClaw,pNFS,1,2,,,55,l2_read_gb_per_second,0.812869760602,GB/s
throughput,WildClaw,pNFS,1,2,,,55,l2_write_gb_per_second,0.572649093437,GB/s
throughput,WildClaw,pNFS,1,2,,,60,l2_read_gb_per_second,0.856570940186,GB/s
throughput,WildClaw,pNFS,1,2,,,60,l2_write_gb_per_second,0.591846209666,GB/s
throughput,WildClaw,pNFS,1,2,,,65,l2_read_gb_per_second,0.815882810826,GB/s
throughput,WildClaw,pNFS,1,2,,,65,l2_write_gb_per_second,0.670731115397,GB/s
throughput,WildClaw,pNFS,1,2,,,70,l2_read_gb_per_second,0.685478225454,GB/s
throughput,WildClaw,pNFS,1,2,,,70,l2_write_gb_per_second,0.587467420094,GB/s
throughput,WildClaw,pNFS,1,2,,,75,l2_read_gb_per_second,0.761185062599,GB/s
throughput,WildClaw,pNFS,1,2,,,75,l2_write_gb_per_second,0.61948684279,GB/s
throughput,WildClaw,pNFS,1,2,,,80,l2_read_gb_per_second,0.603915347983,GB/s
throughput,WildClaw,pNFS,1,2,,,80,l2_write_gb_per_second,0.625022182059,GB/s
throughput,WildClaw,pNFS,1,2,,,85,l2_read_gb_per_second,0.508161778389,GB/s
throughput,WildClaw,pNFS,1,2,,,85,l2_write_gb_per_second,0.658291887446,GB/s
throughput,WildClaw,pNFS,1,2,,,90,l2_read_gb_per_second,0.488159653501,GB/s
throughput,WildClaw,pNFS,1,2,,,90,l2_write_gb_per_second,0.584451860465,GB/s
throughput,WildClaw,pNFS,1,2,,,95,l2_read_gb_per_second,0.457715906362,GB/s
throughput,WildClaw,pNFS,1,2,,,95,l2_write_gb_per_second,0.551488185484,GB/s
throughput,WildClaw,pNFS,1,2,,,100,l2_read_gb_per_second,0.464841489984,GB/s
throughput,WildClaw,pNFS,1,2,,,100,l2_write_gb_per_second,0.434993851424,GB/s
throughput,WildClaw,pNFS,1,2,,,105,l2_read_gb_per_second,0.594875036815,GB/s
throughput,WildClaw,pNFS,1,2,,,105,l2_write_gb_per_second,0.43562644861,GB/s
throughput,WildClaw,pNFS,1,2,,,110,l2_read_gb_per_second,0.682279115878,GB/s
throughput,WildClaw,pNFS,1,2,,,110,l2_write_gb_per_second,0.387337180547,GB/s
throughput,WildClaw,pNFS,1,2,,,115,l2_read_gb_per_second,0.746406974108,GB/s
throughput,WildClaw,pNFS,1,2,,,115,l2_write_gb_per_second,0.350780855271,GB/s
throughput,WildClaw,pNFS,1,2,,,120,l2_read_gb_per_second,0.711875697123,GB/s
throughput,WildClaw,pNFS,1,2,,,120,l2_write_gb_per_second,0.360205007156,GB/s
throughput,WildClaw,pNFS,1,3,,,0,l2_read_gb_per_second,0.660103649763,GB/s
throughput,WildClaw,pNFS,1,3,,,0,l2_write_gb_per_second,0.517259683849,GB/s
throughput,WildClaw,pNFS,1,3,,,5,l2_read_gb_per_second,0.717218686095,GB/s
throughput,WildClaw,pNFS,1,3,,,5,l2_write_gb_per_second,0.54898533799,GB/s
throughput,WildClaw,pNFS,1,3,,,10,l2_read_gb_per_second,0.791199075113,GB/s
throughput,WildClaw,pNFS,1,3,,,10,l2_write_gb_per_second,0.418107918014,GB/s
throughput,WildClaw,pNFS,1,3,,,15,l2_read_gb_per_second,0.665255785476,GB/s
throughput,WildClaw,pNFS,1,3,,,15,l2_write_gb_per_second,0.321258401318,GB/s
throughput,WildClaw,pNFS,1,3,,,20,l2_read_gb_per_second,0.561893022337,GB/s
throughput,WildClaw,pNFS,1,3,,,20,l2_write_gb_per_second,0.339323910997,GB/s
throughput,WildClaw,pNFS,1,3,,,25,l2_read_gb_per_second,0.570398030079,GB/s
throughput,WildClaw,pNFS,1,3,,,25,l2_write_gb_per_second,0.328043805947,GB/s
throughput,WildClaw,pNFS,1,3,,,30,l2_read_gb_per_second,0.558937081694,GB/s
throughput,WildClaw,pNFS,1,3,,,30,l2_write_gb_per_second,0.31218243726,GB/s
throughput,WildClaw,pNFS,1,3,,,35,l2_read_gb_per_second,0.616680465486,GB/s
throughput,WildClaw,pNFS,1,3,,,35,l2_write_gb_per_second,0.397520349739,GB/s
throughput,WildClaw,pNFS,1,3,,,40,l2_read_gb_per_second,0.764780891408,GB/s
throughput,WildClaw,pNFS,1,3,,,40,l2_write_gb_per_second,0.412553160976,GB/s
throughput,WildClaw,pNFS,1,3,,,45,l2_read_gb_per_second,0.857599462522,GB/s
throughput,WildClaw,pNFS,1,3,,,45,l2_write_gb_per_second,0.587833500794,GB/s
throughput,WildClaw,pNFS,1,3,,,50,l2_read_gb_per_second,0.810466726078,GB/s
throughput,WildClaw,pNFS,1,3,,,50,l2_write_gb_per_second,0.607842611384,GB/s
throughput,WildClaw,pNFS,1,3,,,55,l2_read_gb_per_second,0.860408908837,GB/s
throughput,WildClaw,pNFS,1,3,,,55,l2_write_gb_per_second,0.557803589736,GB/s
throughput,WildClaw,pNFS,1,3,,,60,l2_read_gb_per_second,0.835831970114,GB/s
throughput,WildClaw,pNFS,1,3,,,60,l2_write_gb_per_second,0.566743537203,GB/s
throughput,WildClaw,pNFS,1,3,,,65,l2_read_gb_per_second,0.812857525215,GB/s
throughput,WildClaw,pNFS,1,3,,,65,l2_write_gb_per_second,0.60847153046,GB/s
throughput,WildClaw,pNFS,1,3,,,70,l2_read_gb_per_second,0.726147729292,GB/s
throughput,WildClaw,pNFS,1,3,,,70,l2_write_gb_per_second,0.642572640135,GB/s
throughput,WildClaw,pNFS,1,3,,,75,l2_read_gb_per_second,0.687949813303,GB/s
throughput,WildClaw,pNFS,1,3,,,75,l2_write_gb_per_second,0.631513522488,GB/s
throughput,WildClaw,pNFS,1,3,,,80,l2_read_gb_per_second,0.606103435898,GB/s
throughput,WildClaw,pNFS,1,3,,,80,l2_write_gb_per_second,0.629044416619,GB/s
throughput,WildClaw,pNFS,1,3,,,85,l2_read_gb_per_second,0.529236105766,GB/s
throughput,WildClaw,pNFS,1,3,,,85,l2_write_gb_per_second,0.642290122213,GB/s
throughput,WildClaw,pNFS,1,3,,,90,l2_read_gb_per_second,0.459898849495,GB/s
throughput,WildClaw,pNFS,1,3,,,90,l2_write_gb_per_second,0.574010597261,GB/s
throughput,WildClaw,pNFS,1,3,,,95,l2_read_gb_per_second,0.502961656471,GB/s
throughput,WildClaw,pNFS,1,3,,,95,l2_write_gb_per_second,0.54956326128,GB/s
throughput,WildClaw,pNFS,1,3,,,100,l2_read_gb_per_second,0.505885852208,GB/s
throughput,WildClaw,pNFS,1,3,,,100,l2_write_gb_per_second,0.427407354177,GB/s
throughput,WildClaw,pNFS,1,3,,,105,l2_read_gb_per_second,0.581180114456,GB/s
throughput,WildClaw,pNFS,1,3,,,105,l2_write_gb_per_second,0.408228581985,GB/s
throughput,WildClaw,pNFS,1,3,,,110,l2_read_gb_per_second,0.688411837378,GB/s
throughput,WildClaw,pNFS,1,3,,,110,l2_write_gb_per_second,0.388159789204,GB/s
throughput,WildClaw,pNFS,1,3,,,115,l2_read_gb_per_second,0.7163298356,GB/s
throughput,WildClaw,pNFS,1,3,,,115,l2_write_gb_per_second,0.387207339669,GB/s
throughput,WildClaw,pNFS,1,3,,,120,l2_read_gb_per_second,0.702662010287,GB/s
throughput,WildClaw,pNFS,1,3,,,120,l2_write_gb_per_second,0.433105436426,GB/s
